-- --------------------------------------------------------
-- Host:                         127.0.0.1
-- Server version:               10.4.10-MariaDB - mariadb.org binary distribution
-- Server OS:                    Win64
-- HeidiSQL Version:             10.3.0.5771
-- --------------------------------------------------------

/*!40101 SET @OLD_CHARACTER_SET_CLIENT=@@CHARACTER_SET_CLIENT */;
/*!40101 SET NAMES utf8 */;
/*!50503 SET NAMES utf8mb4 */;
/*!40014 SET @OLD_FOREIGN_KEY_CHECKS=@@FOREIGN_KEY_CHECKS, FOREIGN_KEY_CHECKS=0 */;
/*!40101 SET @OLD_SQL_MODE=@@SQL_MODE, SQL_MODE='NO_AUTO_VALUE_ON_ZERO' */;


-- Dumping database structure for accountmaster
DROP DATABASE IF EXISTS `accountmaster`;
CREATE DATABASE IF NOT EXISTS `accountmaster` /*!40100 DEFAULT CHARACTER SET utf8mb4 */;
USE `accountmaster`;

-- Dumping structure for table accountmaster.accgroup
DROP TABLE IF EXISTS `accgroup`;
CREATE TABLE IF NOT EXISTS `accgroup` (
  `accountgroup` varchar(50) NOT NULL,
  `accounttype` varchar(50) NOT NULL,
  PRIMARY KEY (`accountgroup`)
) ENGINE=InnoDB DEFAULT CHARSET=latin1;

-- Dumping data for table accountmaster.accgroup: ~22 rows (approximately)
/*!40000 ALTER TABLE `accgroup` DISABLE KEYS */;
INSERT INTO `accgroup` (`accountgroup`, `accounttype`) VALUES
	('bankaccounts', 'Asset'),
	('Branch/division', 'Liability'),
	('capital', 'capital'),
	('Cash-in-Hand', 'Asset'),
	('Current Asset', 'Asset'),
	('Current liabilities', 'Liability'),
	('Directexpense', 'Expense'),
	('Directincome', 'income'),
	('Duties and Taxes', 'Liability'),
	('Esic and Epf Payable', 'Liabilty'),
	('Fixed Asset', 'Asset'),
	('GSTPayable', 'Liabilty'),
	('GSTReceivable', 'Asset'),
	('Imprest A/c Air', 'Asset'),
	('Indirect Expense', 'Expense'),
	('Investments', 'Asset'),
	('Loans', 'Liability'),
	('Loans and advances(Asset)', 'Asset'),
	('Salary Payable', 'Expense'),
	('Stock-in-Hand', 'Asset'),
	('Sundry Creditors', 'Liability'),
	('Sundry Creditors-S/L', 'Liability'),
	('Sundry Debtors', 'Asset');
/*!40000 ALTER TABLE `accgroup` ENABLE KEYS */;

-- Dumping structure for table accountmaster.accountmaster
DROP TABLE IF EXISTS `accountmaster`;
CREATE TABLE IF NOT EXISTS `accountmaster` (
  `sno` int(11) NOT NULL AUTO_INCREMENT,
  `accountname` varchar(50) NOT NULL,
  `accountgroup` varchar(50) NOT NULL,
  `balance` float(12,4) NOT NULL,
  PRIMARY KEY (`sno`)
) ENGINE=InnoDB AUTO_INCREMENT=664 DEFAULT CHARSET=latin1;

-- Dumping data for table accountmaster.accountmaster: ~663 rows (approximately)
/*!40000 ALTER TABLE `accountmaster` DISABLE KEYS */;
INSERT INTO `accountmaster` (`sno`, `accountname`, `accountgroup`, `balance`) VALUES
	(1, '14 RCM CGST PAID A/C', 'GSTPayable', 154.0000),
	(2, '14 RCM CGST RECD A/C', 'GSTReceivable', 902.0000),
	(3, '14 RCM SGST PAID A/C', 'GSTPayable', 0.0000),
	(4, '14 RCM SGST RECD A/C', 'GSTReceivable', 22.0000),
	(5, '18  IGST PAID RCM A/C', 'GSTPayable', 0.0000),
	(6, '18 IGST RECEIVED RCM A/C', 'GSTReceivable', 0.0000),
	(7, '2.50  CGST PAID RCM A/C ', 'GSTPayable', 0.0000),
	(8, '2.50  CGST RECEIVED RCM A/C ', 'GSTReceivable', 0.0000),
	(9, '2.50  SGST PAID RCM A/C ', 'GSTPayable', 0.0000),
	(10, '2.50 SGST RECEIVED RCM A/C ', 'GSTReceivable', 0.0000),
	(11, '28 RCM IGST PAID A/C', 'GSTPayable', 0.0000),
	(12, '28 RCM IGST RECD A/C ', 'GSTReceivable', 0.0000),
	(13, '5 IGST PAID RCM A/C', 'GSTPayable', 0.0000),
	(14, '5 IGST RECEIVED RCM A/C', 'GSTReceivable', 0.0000),
	(15, '6 CGST PAID RCM A/C', 'GSTPayable', 0.0000),
	(16, '6 CGST RECEIVED RCM A/C', 'GSTReceivable', 0.0000),
	(17, '6 SGST PAID RCM A/C', 'GSTPayable', 0.0000),
	(18, '6 SGST RECEIVED RCM A/C', 'GSTReceivable', 0.0000),
	(19, '9 CGST PAID RCM A/C', 'GSTPayable', 0.0000),
	(20, '9 CGST RECEIVED RCM A/C ', 'GSTReceivable', 0.0000),
	(21, '9 SGST PAID RCM A/C', 'GSTPayable', 0.0000),
	(22, '9 SGST RECEIVED RCM A/C', 'GSTReceivable', 0.0000),
	(23, 'A.HARTRODT INDIA PVT LTD -CR', 'Sundry Creditors S/L', 200.0000),
	(24, 'AAKYU SHIPPING  and FORWARDING', 'Sundry Creditors S/L', -356.0000),
	(25, 'Aaras Container Line Pvt. Ltd.-Cr', 'Sundry Creditors S/L', 0.0000),
	(26, 'AARAV IMPEX PRIVATE LIMITED', 'Sundry Debtors', 0.0000),
	(27, 'AARGUS GLOBAL LOGISTICS PVT. LTD (CR)', 'Sundry Creditors S/L', 0.0000),
	(28, 'ABF  FREIGHT INTERNATIONAL PVT. LTD.(CR)', 'Sundry Creditors S/L', 0.0000),
	(29, 'ADANI LOGISTICS LTD (CR)', 'Sundry Creditors S/L', 0.0000),
	(30, 'Adarsh Logistics Pvt Ltd (Cr)', 'Sundry Creditors S/L', 0.0000),
	(31, 'ADROIT OVERSEAS ENTERPRISES LTD', 'Sundry Debtors', 0.0000),
	(32, 'Advance Tax (AY-18-19)', 'Current Asset', 0.0000),
	(33, 'AEROMAR LOGISTICS (I) PVT. LTD.(Cr)', 'Sundry Creditors S/L', 0.0000),
	(34, 'AERONAUTIC FREIGHT SYSTEMS INC', 'Sundry Debtors', 0.0000),
	(35, 'AFL DACHSER PVT LTD', 'Sundry Creditors S/L', 0.0000),
	(36, 'AFS LOGISTICS INTERNATIONAL PVT LTD ', 'Sundry Creditors S/L', 0.0000),
	(37, 'AGILITY LOGISTICS P. LTD (CR)', 'Sundry Creditors S/L', 0.0000),
	(38, 'AGS WORLD TRANSPORT (I) PVT LTD -CR', 'Sundry Creditors S/L', 300.0000),
	(39, 'AHLERS INDIA PRIVATE LIMITED (Cr)', 'Sundry Creditors S/L', 0.0000),
	(40, 'AIR DIV.(AMRIT SEAIR EXP.P.LTD.)', 'Branch/division', 0.0000),
	(41, 'Air Freight Non-Taxable Received Account', 'Directincome', 0.0000),
	(42, 'Air Freight NonTaxable paid', 'Directexpense', 0.0000),
	(43, 'AIRLIFT CARGO CARRIERS P.LTD.(Cr)', 'Sundry Creditors S/L', 0.0000),
	(44, 'Airlift Container Line (CR)', 'Sundry Creditors S/L', 0.0000),
	(45, 'AJS LOGISTICS P LTD-CR', 'Sundry Creditors S/L', 0.0000),
	(46, 'AJS LOGISTICS PVT LTD-CR', 'Sundry Creditors S/L', 0.0000),
	(47, 'Albatross Shipping (P) Ltd (Cr)', 'Sundry Creditors S/L', 0.0000),
	(48, 'ALBATROSS SHIPPING LTD -CR', 'Sundry Creditors S/L', 0.0000),
	(49, 'Alianca Logistics Pvt Ltd-cr', 'Sundry Creditors S/L', 90.0000),
	(50, 'All Cargo Global Logistics Ltd. (CL)', 'Sundry Creditors S/L', 0.0000),
	(51, 'ALL CARGO LOGISTICS LTD-CR', 'Sundry Creditors-S/L', -5000.0000),
	(52, 'All cargo Movers (India) Pvt. Ltd(Cr)', 'Sundry Creditors S/L', 0.0000),
	(53, 'ALLIGATOR SHIPPING SERVICES PVT. LTD.(Cr)', 'Sundry Creditors S/L', 900.0000),
	(54, 'ALLTRANS MOVERS PVT. LTD.', 'Sundry Creditors S/L', 0.0000),
	(55, 'Alpha Logistics Services Pvt.Ltd.(Cr)', 'Sundry Creditors S/L', 0.0000),
	(56, 'AMCO SERVICES (INTERNATIONAL) LIMITED', 'Sundry Debtors', 0.0000),
	(57, 'Ami India Logistics Pvt Ltd.(Cr.)', 'Sundry Creditors S/L', 0.0000),
	(58, 'AMRIT SEAIR EXPRESS PVT.LTD.-NJ-USA', 'Sundry Debtors', 0.0000),
	(59, 'AMS GLOBAL LINE(CR)', 'Sundry Creditors S/L', 0.0000),
	(60, 'ANCHOR CONTAINER SERVICES P. LTD (CR)', 'Sundry Creditors-S/L', 0.0000),
	(61, 'APEX MARITIME INDIA PVT. LTD. (CR)', 'Sundry Creditors S/L', 0.0000),
	(62, 'APG LOGISTICS PVT LTD-CR', 'Sundry Creditors S/L', -200.0000),
	(63, 'Apl (India) Pvt. Ltd (CR).', 'Sundry Creditors S/L', 0.0000),
	(64, 'APL LOGISTICS (I) P. LTD (CR)', 'Sundry Creditors S/L', 0.0000),
	(65, 'APM GLOBAL LOGISTICS INDIA PVT LTD-CR', 'Sundry Creditors S/L', 0.0000),
	(66, 'APM GLOBAL LOGISTICS INDIA PVTL LTD.', 'Sundry Creditors S/L', 0.0000),
	(67, 'APPLE CARGO MOVERS PVT LTD- CR ', 'Sundry Creditors S/L', 0.0000),
	(68, 'AQUA LOGISTICS PVT. LTD.(Cr)', 'Sundry Creditors S/L', 0.0000),
	(69, 'ARABITAL CONTAINER LINES (I) PVT. LTD.(CR)', 'Sundry Creditors S/L', 0.0000),
	(70, 'ARCHERS CARGO EXPRESS PVT LTD-CR', 'Sundry Creditors S/L', 0.0000),
	(71, 'Arebee Star Maritime Agencies Pvt. Ltd', 'Sundry Creditors S/L', 0.0000),
	(72, 'Ase', 'Branch/division', 0.0000),
	(73, 'ASIAAN TIGER LINES INDIA PVT LTD-CR', 'Sundry Creditors S/L', 0.0000),
	(74, 'Asian Seaway Pvt. Ltd(CR)', 'Sundry Creditors S/L', -34.0000),
	(75, 'ASIAN WORLDWIDE SERVICE INDIA PVT LTD-CR', 'Sundry Creditors S/L', 0.0000),
	(76, 'ASK Freight Forwarders Pvt.Ltd.(Cr)', 'Sundry Creditors S/L', 0.0000),
	(77, 'ASSOCIATED CONTAINER LINE PVT LTD(cr)', 'Sundry Creditors S/L', 777.0000),
	(78, 'Associated Container Line-Cr', 'Sundry Creditors S/L', 10.0000),
	(79, 'ASSOCIATED TRADE LOGISTICS PVT LTD- CR', 'Sundry Creditors S/L', 0.0000),
	(80, 'ASSOCIATED TRADE LOGISTICS PVT. LTD. (Cr)', 'Sundry Creditors S/L', 0.0000),
	(81, 'Atlantic and Pacific Contianer Line (Cr)', 'Sundry Creditors S/L', 0.0000),
	(82, 'ATLANTIC AIR and OCEANFREIGHT SERVICES PVT. LTD.(C', 'Sundry Creditors S/L', 0.0000),
	(83, 'ATLAS LOGISTICS PVT. LTD.(Cr)', 'Sundry Creditors S/L', 0.0000),
	(84, 'ATZ SHIPPING TRADE and TRANSPORT PVT. LTD.  (CR)', 'Sundry Creditors S/L', 0.0000),
	(85, 'AVANA GLOBAL FZCO-CR', 'Sundry Creditors S/L', 0.0000),
	(86, 'Awb Fee Account', 'Directincome', -400.0000),
	(87, 'B.S.V. Shipping Agencies Pvt Ltd. (CR)', 'Sundry Creditors S/L', 11.0000),
	(88, 'BALAJI INDUSTRIAL CORPORATION', 'Sundry Debtors', 0.0000),
	(89, 'Balaji Mariline Pvt. Ltd.-Cr', 'Sundry Creditors S/L', 0.0000),
	(90, 'BALAJI SHIPPING LINES FZCO-CR', 'Sundry Creditors S/L', 0.0000),
	(91, 'BALANCE WRITTEN BACK A/C', 'Directexpense', 0.0000),
	(92, 'BALTRANS LOGISTICS INDIA PVT LTD CR', 'Sundry Creditors S/L', 0.0000),
	(93, 'BANK OF INDIA-12626', 'bankaccounts', 1200.5000),
	(94, 'Bayland shipping Agency Pvt.Ltd (Cr)', 'Sundry Creditors S/L', 0.0000),
	(95, 'BEN LINE AGENCIES (INDIA) PVT.LTD.', 'Sundry Creditors S/L', 0.0000),
	(96, 'BERKMAN FORWARDING B.V-CR', 'Sundry Creditors S/L', 0.0000),
	(97, 'Best Express Shipping Transport Pvt.Ltd.(Cr)', 'Sundry Creditors S/L', 0.0000),
	(98, 'Bharat Logistic Solutions Pvt. Ltd.-Cr', 'Sundry Creditors S/L', 0.0000),
	(99, 'BHAVANI SHIPPING SERVICES I PVT. LTD (CR)', 'Sundry Creditors S/L', 0.0000),
	(100, 'BIRD WORLDWIDE FLIGHT SERVICES INDIA PVT. LTD-CR', 'Sundry Creditors S/L', 0.0000),
	(101, 'BLISS LOGISTICS and SHIPPING PVT LTD-CR', 'Sundry Creditors S/L', 0.0000),
	(102, 'BLUEMOON LOGISTICS P.LTD (CR)', 'Sundry Creditors S/L', 0.0000),
	(103, 'BOLLORE  LOGISTICS INDIA LTD (CR)', 'Sundry Creditors S/L', 0.0000),
	(104, 'BOXCO SHIPPING SERVICES PVT. LTD.', 'Sundry Creditors S/L', 0.0000),
	(105, 'BOXSMART SHIPPING PVT LTD', 'Sundry Creditors-S/L', 0.0000),
	(106, 'BOXTRANS LOGISTICS INDIA SERVICES P. LTD (CR)', 'Sundry Creditors S/L', 0.0000),
	(107, 'BROEKMAN LOGISTICS INDIA PVT LTD-CR', 'Sundry Creditors S/L', 0.0000),
	(108, 'Brokerage Income A/C', 'Directincome', 0.0000),
	(109, 'BSL Freight Solutions Pvt Ltd (Cr)', 'Sundry Creditors S/L', 0.0000),
	(110, 'BSS PAID (FOODGRAIN)', 'Directexpense', 0.0000),
	(111, 'BSS RECD (FOODGRAIN)', 'Directincome', 0.0000),
	(112, 'BSS Taxable Paid A/c', 'Directexpense', 4030.0000),
	(113, 'Business Support Non Taxable Paid - Air', 'Directexpense', 0.0000),
	(114, 'Business Support Services Taxable Recd A/C', 'Directincome', 0.0000),
	(115, 'Business Support Services Taxable Recd A/C - Air', 'Directincome', 0.0000),
	(116, 'Business Support Taxable Paid A/c  - Air', 'Directexpense', 0.0000),
	(117, 'C.H.ROBINSON INTERNATIONAL (INDIA) PVT LTD - CR', 'Sundry Creditors S/L', 0.0000),
	(118, 'C.H.ROBINSON WORLDWIDE FREIGHT (I) PVT. LTD.(Cr)', 'Sundry Creditors S/L', 0.0000),
	(119, 'C.P WORLD LINE PVT. LTD (CR)', 'Sundry Creditors-S/L', 0.0000),
	(120, 'C.W.C Charges', 'Directexpense', 0.0000),
	(121, 'capital', 'capital', 0.0000),
	(122, 'CARAVEL LOGISTICS PVT. LTD. (LDH)', 'Sundry Creditors S/L', 0.0000),
	(123, 'CARAVEL LOGISTICS PVT. LTD.(CR)', 'Sundry Creditors S/L', 0.0000),
	(124, 'CARGO CARE LOGISTICS (I) LTD - CR', 'Sundry Creditors S/L', 0.0000),
	(125, 'CARGO CHANNELS PVT LTD-CR', 'Sundry Creditors S/L', 0.0000),
	(126, 'CARGO CONSOLIDATORS INDIA PVT LTD-CR', 'Sundry Creditors S/L', 0.0000),
	(127, 'CARGO JUNCTION INDIA PVT LTD-CR', 'Sundry Creditors S/L', 0.0000),
	(128, 'CARGO PARTNER LOGISTICS PVT. LTD.(Cr)', 'Sundry Creditors S/L', 0.0000),
	(129, 'CARGO SHIFTING CHARGES', 'Directexpense', -233.0000),
	(130, 'CARGO SOL', 'Sundry Creditors S/L', 0.0000),
	(131, 'CARGO WAYS\'S PROJECT DIV OF GSG SPA', 'Sundry Debtors', 0.0000),
	(132, 'CARGOMAR  PVT. LTD (CR)', 'Sundry Creditors S/L', 0.0000),
	(133, 'CARGOPLAN INTERNATIONAL INDIA PVT LTD-CR', 'Sundry Creditors S/L', 0.0000),
	(134, 'CARGOSOL SHIPPING AGENCIES (P) LTD.', 'Sundry Creditors S/L', -90.0000),
	(135, 'Cartage Receipts', 'Directincome', 0.0000),
	(136, 'cash', 'Cash-in-Hand', 378.0000),
	(137, 'cash airportoffice', 'Cash-in-Hand', 167.0000),
	(138, 'Cash-in-hand', 'Cash-in-Hand', 9920.0000),
	(139, 'CCF and OTHERS', 'Directexpense', 0.0000),
	(140, 'CDS OVERSEAS LOGISTICS PVT LTD -CR', 'Sundry Creditors S/L', 0.0000),
	(141, 'CEVA FREIGHT (I) PVT. LTD.(CR)', 'Sundry Creditors S/L', 0.0000),
	(142, 'CFL CROSS FREIGHT PVT. LTD.(Cr)', 'Sundry Creditors S/L', 0.0000),
	(143, 'CGST PAID - Others', 'GSTPayable', 0.0000),
	(144, 'CGST PAID A/C ', 'GSTPayable', 346.1400),
	(145, 'CGST RECD A/C', 'GSTReceivable', 54.0000),
	(146, 'CHAKIAT AGENCIES PVT. LTD, ', 'Sundry Creditors S/L', 0.0000),
	(147, 'Charge Income Account', 'Directincome', 0.0000),
	(148, 'CHINA SHIPPING (I) PVT LTD', 'Sundry Creditors S/L', 0.0000),
	(149, 'CHINA SHIPPING INDIA PVT. LTD (CR)', 'Sundry Creditors S/L', 0.0000),
	(150, 'CITI LINK FORWARDING CO. (CR', 'Sundry Creditors S/L', 0.0000),
	(151, 'City Transport Syndicate Pvt. Ltd (CR)', 'Sundry Creditors S/L', 0.0000),
	(152, 'CLASQUIN INDIA PVT LTD-CR', 'Sundry Creditors S/L', 0.0000),
	(153, 'Clearship Forwarders Pvt Ltd -cr', 'Sundry Creditors S/L', 0.0000),
	(154, 'CMA CGM AGENCIES (I) PVT  LTD  (CR)', 'Sundry Creditors-S/L', 0.0000),
	(155, 'CMA CGM AGENCIES (I) PVT. LTD. (LDH)', 'Sundry Creditors-S/L', 0.0000),
	(156, 'CMA CGM LOGISTICS PARK (DADRI) LTD', 'Sundry Creditors S/L', 0.0000),
	(157, 'CMC EXPENSES', 'Directexpense', 0.0000),
	(158, 'CODOGNOTTO LOGISTICS INDIA PVT LTD-CR', 'Sundry Creditors S/L', 0.0000),
	(159, 'COLLYER CONTAINER LINE', 'Sundry Creditors S/L', 0.0000),
	(160, 'CONSOLE SHIPPING SERVICES (I) PVT LTD -CR', 'Sundry Creditors-S/L', 0.0000),
	(161, 'COSCO (INDIA) SHIPPING PRIVATE LIMITED(Cr)', 'Sundry Creditors-S/L', 0.0000),
	(162, 'COURTNEY AGENCIES LTD.', 'Sundry Debtors', 0.0000),
	(163, 'Crescent Shipping Agency ( I ) Pvt. Ltd (Cr)', 'Sundry Creditors S/L', 0.0000),
	(164, 'CROSS FREIGHT INDIA PVT. LTD.', 'Sundry Creditors S/L', 0.0000),
	(165, 'CSAV GAIPL A/C CITI BANK-0016241016', 'Sundry Creditors S/L', 0.0000),
	(166, 'Custom Clearance Exp. Non Taxable Paid', 'Directexpense', 0.0000),
	(167, 'CUSTOM CLERANCE EXPENSES', 'Directexpense', 0.0000),
	(168, 'CUSTOM DUTY PAID A/C', 'Directexpense', 0.0000),
	(169, 'CUSTOM DUTY RECEIVED A/C', 'Directincome', 0.0000),
	(170, 'CWC CHARGES', 'Directexpense', 0.0000),
	(171, 'D B GROUP INDIA PVT LTD', 'Sundry Creditors S/L', 0.0000),
	(172, 'DACHSER INDIA PVT LTD-CR', 'Sundry Creditors S/L', 0.0000),
	(173, 'DAGA AIR AGENTS ', 'Sundry Creditors S/L', 0.0000),
	(174, 'DAMCO INDIA PVT. LTD (CR)', 'Sundry Creditors S/L', 0.0000),
	(175, 'DB GROUP INDIA PVT LTD -CR', 'Sundry Creditors S/L', 0.0000),
	(176, 'Deff  Tax Assets', 'Current Asset', 0.0000),
	(177, 'DEI GRATIA LOGISTICS PVT. LTD.(Cr)', 'Sundry Creditors S/L', 0.0000),
	(178, 'DELEX CARGO INDIA PVT LTD (CR )', 'Sundry Creditors S/L', 0.0000),
	(179, 'Demmurage Charges Account', 'Directincome', 0.0000),
	(180, 'DHE SHIPPING SERVICES (CR)', 'Sundry Creditors S/L', 0.0000),
	(181, 'DHL Lemuir Logisitics pvt. ltd. (Cr)', 'Sundry Creditors S/L', 0.0000),
	(182, 'Diamond Maritime Agency Pvt. Ltd.-Cr', 'Sundry Creditors S/L', 0.0000),
	(183, 'Direct Logistics India Pvt. Ltd.', 'Sundry Creditors S/L', 0.0000),
	(184, 'Direct Ocean Shipping Pvt.Ltd (Cr)', 'Sundry Creditors S/L', 0.0000),
	(185, 'DIVINE SHIPPING SERVICES-CR', 'Sundry Creditors S/L', 0.0000),
	(186, 'DIVYA SHIPPING and CLEARING SERVICES PVT. LTD.(Cr)', 'Sundry Creditors S/L', 0.0000),
	(187, 'DIXONS CARGO CONSOLIDATORS PVT. LTD (Cr)', 'Sundry Creditors S/L', 0.0000),
	(188, 'DLR SHIPPING PRIVATE LIMITED(Cr)', 'Sundry Creditors S/L', 0.0000),
	(189, 'Documentation Charges', 'Directexpense', 0.0000),
	(190, 'DRAGON LOGISTICS (XIAMEN) CORP.', 'Sundry Debtors', 0.0000),
	(191, 'DRAGON SHIPPING P. LTD (CR)', 'Sundry Creditors S/L', 0.0000),
	(192, 'DSV AIR AND SEA PVT. LTD.(Cr)', 'Sundry Creditors S/L', 0.0000),
	(193, 'E.S.I.Employer Share Account', 'Directexpense', 0.0000),
	(194, 'EAGLE MARITIME PVT. LTD. (Cr)', 'Sundry Creditors S/L', 0.0000),
	(195, 'EAGLE TRANS SHIPPING and LOGISTICS ( I ) PVT LTD-C', 'Sundry Creditors S/L', 0.0000),
	(196, 'ECONSHIP MARINE PVT LTD-CR', 'Sundry Creditors S/L', 0.0000),
	(197, 'ECONSHIP TECH PVT. LTD (CR)', 'Sundry Creditors S/L', 0.0000),
	(198, 'ELLIANCE CONTAINER SERVICES PVT. LTD.(Cr)', 'Sundry Creditors S/L', 0.0000),
	(199, 'EMIRATES SHIPPING AGENCIES (INDIA) PVT LTD-CR', 'Sundry Creditors-S/L', 0.0000),
	(200, 'EMPOWER SHIPPING AND FORWARDING PVT LTD-CR', 'Sundry Creditors S/L', 0.0000),
	(201, 'Emu Lines Pvt. Ltd. (Cr)', 'Sundry Creditors-S/L', 0.0000),
	(202, 'ESTMA SIA, LATVIA CR- ', 'Sundry Creditors S/L', 0.0000),
	(203, 'ETA ENGINEERING PVT LTD- CR.', 'Sundry Creditors S/L', 0.0000),
	(204, 'EURO EXIM SEVICES PVT. LTD (CR)', 'Sundry Creditors S/L', 0.0000),
	(205, 'EUROFREIGHT SHIPPING AGENCIES LTD-CR', 'Sundry Creditors S/L', 0.0000),
	(206, 'EUROPEAN FREIGHT LIMITED', 'Sundry Debtors', 0.0000),
	(207, 'European Freight Limited - Air.', 'Sundry Debtors', 0.0000),
	(208, 'Evergreen India Pvt.Ltd. (Cr)', 'Sundry Creditors S/L', 0.0000),
	(209, 'EVERGREEN SHIPPING AGENCY (INDIA) PVT LTD- CR', 'Sundry Creditors S/L', 0.0000),
	(210, 'EVERLLYOD CONTAINER LINES PVT LTD -CR', 'Sundry Creditors S/L', 0.0000),
	(211, 'EXPEDITORS INTERNATIONAL (I) P. LTD (CR)', 'Sundry Creditors S/L', 0.0000),
	(212, 'EXPENSES FOR SERVICES RECD OUTSIDE INDIA', 'Directexpense', 0.0000),
	(213, 'EXPENSES PAID AS PURE AGENT', 'Directexpense', 0.0000),
	(214, 'EXPO FREIGHT PRIVATE LIMITED(Cr)', 'Sundry Creditors S/L', 0.0000),
	(215, 'EXPORT SEA DIVISION (NEW DELHI)', 'Branch/division', 0.0000),
	(216, 'EXPRESS TRANSPORT PVT. LTD (CR)', 'Sundry Creditors S/L', 0.0000),
	(217, 'EXWORK PAID TAXBALE ON INTERNATION IMPORT', 'Directincome', 0.0000),
	(218, 'FAASTER SHIPPING  SERVICES (CR)', 'Sundry Creditors S/L', 0.0000),
	(219, 'FAIRFREIGHT LINES PVT LTD-CR', 'Sundry Creditors S/L', 0.0000),
	(220, 'FAIRWIND SHIPPING AGENCIES PVT.LTD.(CR)', 'Sundry Creditors S/L', 0.0000),
	(221, 'FAST FORWARD FREIGHT GMBH--HAMBURG-CR', 'Sundry Creditors S/L', 0.0000),
	(222, 'FDR WITH BANK-BOI', 'Current Asset', 0.0000),
	(223, 'FDR WITH INDIAN BANK - AIR', 'Current Asset', 0.0000),
	(224, 'FDR WITH UBI BANK', 'Current Asset', 1100.0000),
	(225, 'FDR WITH UBI BANK - AIR', 'Current Asset', 0.0000),
	(226, 'Fleet Container Lines (India) Pvt Ltd (Cr)', 'Sundry Creditors S/L', 0.0000),
	(227, 'FNS LOGISTICS (INDIA) PVT. LTD (CR)', 'Sundry Creditors S/L', 0.0000),
	(228, 'FORBES and COMPANY LTD (LDH)', 'Sundry Creditors S/L', 0.0000),
	(229, 'FORIN CONTAINER LINE-CR', 'Sundry Creditors S/L', 0.0000),
	(230, 'FRANCIS SHIPPING AGENCY PVT. LTD. (Cr)', 'Sundry Creditors S/L', 0.0000),
	(231, 'Freight Care  Logistics', 'Sundry Creditors S/L', 0.0000),
	(232, 'Freight Connection India P.Ltd.(Cr)', 'Sundry Creditors S/L', 0.0000),
	(233, 'FREIGHT EXPRESS INTERNATIONAL PVT LTD (CR)', 'Sundry Creditors S/L', 0.0000),
	(234, 'Freight Import PP A/C', 'Directincome', 0.0000),
	(235, 'Freight India Logistics Pvt Ltd-CR', 'Sundry Creditors S/L', 0.0000),
	(236, 'FREIGHT LOG FORWARDER (I) PVT LTD ', 'Sundry Creditors S/L', 0.0000),
	(237, 'Freight Systems ( India ) Pvt. Ltd.(Cr)', 'Sundry Creditors S/L', 0.0000),
	(238, 'FREIGHT WINGS and TRAVELS PVT. LTD ', 'Sundry Creditors S/L', 0.0000),
	(239, 'FREIGHTBRIDGE LOGISTIC PVT. LTD.(Cr)', 'Sundry Creditors-S/L', 0.0000),
	(240, 'Freightlinks International (India) Pvt. Ltd.- Cr', 'Sundry Creditors S/L', 0.0000),
	(241, 'FUMIGATION CHARGES', 'Directexpense', 0.0000),
	(242, 'G-Link Express Cargo Pvt Ltd (cr)', 'Sundry Creditors S/L', 0.0000),
	(243, 'Gac Shipping ( India ) Pvt. Ltd.(Cr)', 'Sundry Creditors S/L', 0.0000),
	(244, 'GAERISH LOGISTICS PVT LTD-CR', 'Sundry Creditors S/L', 0.0000),
	(245, 'GANESHAM CARGO CARRIERS ', 'Sundry Creditors S/L', 0.0000),
	(246, 'GATEWAY DISTRIPARKS LTD. (Cr)', 'Sundry Creditors-S/L', 0.0000),
	(247, 'GATEWAY MARITIME PVT LTD ', 'Sundry Creditors S/L', 0.0000),
	(248, 'GATEWAY RAIL FREIGHT LTD (CR)', 'Sundry Creditors-S/L', 0.0000),
	(249, 'GATEWAY SEAEXPRESS INDIA PVT.LTD.(Cr)', 'Sundry Creditors S/L', 0.0000),
	(250, 'GCF SHIPPING PVT LTD-CR', 'Sundry Creditors S/L', 0.0000),
	(251, 'GEIS CARGO INTERNATIONAL POLAND LTD, POLAND', 'Sundry Creditors S/L', 0.0000),
	(252, 'Geodis Overseas Pvt.Ltd.(Cr)', 'Sundry Creditors S/L', 0.0000),
	(253, 'German Express Shipping Agency ( India ) Pvt. Ltd ', 'Sundry Creditors S/L', 0.0000),
	(254, 'GGL LINE PVT. LTD (Cr)', 'Sundry Creditors S/L', 0.0000),
	(255, 'GLOBAL CONSOLIDATORS and FORDWARDERS', 'Sundry Creditors S/L', 0.0000),
	(256, 'GLOBAL CONTAINER LINES INDIA PVT LTD-CR', 'Sundry Creditors S/L', 0.0000),
	(257, 'GLOBAL LOGISTICS INC.(Cr)', 'Sundry Creditors S/L', 0.0000),
	(258, 'GLOBAL LOGISTICS SLOUTIONS (I) PVT LTD (Cr)', 'Sundry Creditors S/L', 0.0000),
	(259, 'GLOBAL SAGA LESCHACO PVT LTD-CR', 'Sundry Creditors S/L', 0.0000),
	(260, 'Globelink WW India Pvt.Ltd.-CR', 'Sundry Creditors-S/L', 0.0000),
	(261, 'GLOBUS LOGISYS PVT LTD- CR', 'Sundry Creditors S/L', 0.0000),
	(262, 'GLOBUS TRANSITOS PVT. LTD.', 'Sundry Creditors S/L', 0.0000),
	(263, 'Goodrich Maritime Pvt. Ltd.(Cr)', 'Sundry Creditors S/L', 0.0000),
	(264, 'GRACE CONSOLIDATIONS', 'Sundry Creditors S/L', 0.0000),
	(265, 'GRACE WORLDWIDE MOVERS PVT LTD-CR', 'Sundry Creditors S/L', 0.0000),
	(266, 'GRANADA AIR SERVICES PVT.LTD.', 'Sundry Creditors S/L', 0.0000),
	(267, 'GREEN CHANNEL FORWARDER PVT. LTD (CR)', 'Sundry Creditors S/L', 0.0000),
	(268, 'Green Tax (Delhi) Paid A/c ', 'Directexpense', 0.0000),
	(269, 'Green Tax (Delhi) Received A/c', 'Directincome', 0.0000),
	(270, 'Greenways Shipping Agencies Pvt. Ltd. (Cr)', 'Sundry Creditors S/L', 0.0000),
	(271, 'Greenwich Meridian Logistics ( India ) Pvt. Ltd-Cr', 'Sundry Creditors S/L', 0.0000),
	(272, 'Gsp Charges', 'Directincome', 0.0000),
	(273, 'GST PAYABLE', 'GSTPayable', 0.0000),
	(274, 'GST TAX AS RECEIPANT', 'GSTReceivable', 0.0000),
	(275, 'H and H LINES LTD.', 'Sundry Creditors S/L', 0.0000),
	(276, 'H T L LOGISTICS INDIA PVT. LTD.', 'Sundry Creditors S/L', 0.0000),
	(277, 'HAMBURG SUD INDIA PVT LTD-CR', 'Sundry Creditors S/L', 0.0000),
	(278, 'HANJIN SHIPPING CO LTD-CR', 'Sundry Creditors S/L', 0.0000),
	(279, 'HANJIN SHIPPING CO. LTD. (LDH)', 'Sundry Creditors S/L', 0.0000),
	(280, 'HANJIN SHIPPING INDIA PVT LTD (CR)', 'Sundry Creditors S/L', 0.0000),
	(281, 'HAPAG LLOYD INDIA PVT.LTD.(Cr)', 'Sundry Creditors-S/L', 0.0000),
	(282, 'HARSHIT LOGISTICS-CR.', 'Sundry Creditors-S/L', 0.0000),
	(283, 'HASTI PETRO CHEMICAL and SHIPPING LTD.', 'Sundry Creditors S/L', 0.0000),
	(284, 'HAYTRANS (INDIA) LIMITED (Cr)', 'Sundry Creditors S/L', 0.0000),
	(285, 'HBL ACCOUNT', 'Directincome', 0.0000),
	(286, 'HELLMANN WORLDWIDE LOGISTICS INDIA PVT. LTD.(Cr)', 'Sundry Creditors S/L', 0.0000),
	(287, 'HI-TOSS LINER AGENCY(Cr)', 'Sundry Creditors S/L', 0.0000),
	(288, 'HIF LOGISTICS PVT. LTD (CR)', 'Sundry Creditors S/L', 0.0000),
	(289, 'Hind Freight Services (p) Ltd.(Cr)', 'Sundry Creditors S/L', 0.0000),
	(290, 'Hindustan Cargo Ltd (CR)', 'Sundry Creditors S/L', 0.0000),
	(291, 'HIRE CHARGES VAN ', 'Directincome', 0.0000),
	(292, 'HKSA LOGISTIX PVT LTD-CR', 'Sundry Creditors S/L', 0.0000),
	(293, 'HUB and LINKS LOGISTICS (I) PVT. LTD. (CR.)', 'Sundry Creditors S/L', 0.0000),
	(294, 'HULL and HATCH FZC', 'Sundry Creditors S/L', 0.0000),
	(295, 'HYUNDAI MERCHANT MARINE INDIA PVT LTD -CR', 'Sundry Creditors-S/L', 0.0000),
	(296, 'IAL Container Line(India)Limited (Cr)', 'Sundry Creditors S/L', 0.0000),
	(297, 'IAL INDIA LTD', 'Sundry Creditors S/L', 0.0000),
	(298, 'IAL LOGISTICS ( INDIA ) LTD-CR', 'Sundry Creditors S/L', 0.0000),
	(299, 'ICICI BANK (347505000505)', 'bankaccounts', 200.0000),
	(300, 'ICICI BANK A/c No. 347405000647 - AIR', 'bankaccounts', 290.0000),
	(301, 'ICT INTERNATIONAL CAROG TRANSPORT INDIA PVT LTD-CR', 'Sundry Creditors S/L', 0.0000),
	(302, 'IDBI BANK 075102000009225', 'bankaccounts', 90.0000),
	(303, 'IDBI Mumbai', 'bankaccounts', 6000.0000),
	(304, 'IFB SHIPPING (INDIA) PVT.LTD. (Cr)', 'Sundry Creditors S/L', 0.0000),
	(305, 'IGST PAID A/C ', 'GSTPayable', 0.0000),
	(306, 'IGST PAID-Others', 'GSTPayable', 0.0000),
	(307, 'IGST RECD A/C ', 'GSTReceivable', 0.0000),
	(308, 'IIc Container Line ( P ) Ltd-CR', 'Sundry Creditors S/L', 0.0000),
	(309, 'ILSA Shipping and Logistics Pvt Ltd (Cr)', 'Sundry Creditors S/L', 0.0000),
	(310, 'Import Freight Paid A/C', 'Directexpense', 0.0000),
	(311, 'Import Freight Recd A/C', 'Directincome', 0.0000),
	(312, 'INCOME FOR SERVICES OUTSIDE INDIA', 'Directincome', 0.0000),
	(313, 'INCOME TAX REFUND (A.Y.18-19)', 'Current Asset', 0.0000),
	(314, 'INDIA INFRASTRUCTURE AND LOGISTICS PVT LTD -CR', 'Sundry Creditors S/L', 0.0000),
	(315, 'Indian Bank  C/A  6743285487', 'bankaccounts', 0.0000),
	(316, 'INDIAN BANK- NEW DELHI,CA-871340819', 'bankaccounts', 0.0000),
	(317, 'Indian Overseas Bank', 'bankaccounts', -90.0000),
	(318, 'Indus Container Lines (Gujarat) Pvt.Ltd.-CR', 'Sundry Creditors S/L', 0.0000),
	(319, 'Inland Haulage', 'Directincome', 0.0000),
	(320, 'INSTANT SHIP AGENCIES PVT. LTD. (CR)', 'Sundry Creditors S/L', 0.0000),
	(321, 'INTEGRATED FREIGHT SERVICES (A DIVISION OF SCMIPL)', 'Sundry Creditors S/L', 0.0000),
	(322, 'INTERGULF SHIPPING LINE PVT LTD-CR', 'Sundry Creditors S/L', 0.0000),
	(323, 'INTERNATIONAL LINER SHPG.AGENCY P.LTD.', 'Sundry Creditors S/L', 0.0000),
	(324, 'INTERPORT GLOBAL LOGISTICS PVT. LTD.(Cr)', 'Sundry Creditors S/L', 0.0000),
	(325, 'J.J FREIGHT MOVERS -CR', 'Sundry Creditors S/L', 0.0000),
	(326, 'J.M.Baxi and Co.(Cr)', 'Sundry Creditors S/L', 0.0000),
	(327, 'JAIRAM and SONS-Cr', 'Sundry Creditors S/L', 0.0000),
	(328, 'JAS FORWARDING WORLDWIDE PVT. LTD.(Cr)', 'Sundry Creditors S/L', 0.0000),
	(329, 'Jeena and Co.(Cr)', 'Sundry Creditors S/L', 0.0000),
	(330, 'JOSHI KONOIKE TRANSPORT AND INFRASTRUCTURE PVT LTD', 'Sundry Creditors S/L', 0.0000),
	(331, 'JUBLIEE SHIPPING and FORWARDING CO.', 'Sundry Creditors S/L', 0.0000),
	(332, 'K LINE INDIA P. LTD(CR)', 'Sundry Creditors S/L', 0.0000),
	(333, 'K STEAMSHIP AGENCIES P. LTD (CR)', 'Sundry Creditors S/L', 0.0000),
	(334, 'K.NO-123007020166', 'Directexpense', 0.0000),
	(335, 'Kaung Su Company Limited', 'Sundry Debtors', 0.0000),
	(336, 'KDS CARGO B.V', 'Sundry Debtors', 0.0000),
	(337, 'KERRY RELIABLE LOGISTICS LTD (CR)', 'Sundry Creditors S/L', 0.0000),
	(338, 'KMTC ( INDIA ) PVT LTD-CR', 'Sundry Creditors S/L', 0.0000),
	(339, 'KOREA MARINE TRANSPORT CO. LTD.', 'Sundry Creditors S/L', 0.0000),
	(340, 'Kuehne And Nagel  Pvt. Ltd. (Cr)', 'Sundry Creditors S/L', 0.0000),
	(341, 'KUTCH SHIPPING AGENCY PVT. LTD (CR)', 'Sundry Creditors S/L', 0.0000),
	(342, 'LA POLESTAR FREIGHT SERVICES PVT LTD', 'Sundry Creditors S/L', 0.0000),
	(343, 'LANCER CONTAINER LINES LTD.-CR', 'Sundry Creditors S/L', 0.0000),
	(344, 'LASHING CHARGES', 'Directexpense', 0.0000),
	(345, 'Lcl Agencies ( India ) Pvt. Ltd (Cr)', 'Sundry Creditors S/L', 0.0000),
	(346, 'LCL LOGISTICS  INDIA P.LTD (CR)', 'Sundry Creditors S/L', 0.0000),
	(347, 'LCL LOGISTIX (I) PVT LTD- CR', 'Sundry Creditors S/L', 0.0000),
	(348, 'LCL SHIPPING SERVICES PVT LTD.', 'Sundry Creditors S/L', 0.0000),
	(349, 'LEAAP INTERNATIONAL PVT. LTD (CR)', 'Sundry Creditors S/L', 0.0000),
	(350, 'LIBERTY SHIPPING AGENCY P. LTD (CR)', 'Sundry Creditors S/L', 0.0000),
	(351, 'LOGISTICS SERVICES P. LTD (CR)', 'Sundry Creditors S/L', 0.0000),
	(352, 'LOGWIN AIR and OCEAN  INDIA PVT LTD-CR', 'Sundry Creditors S/L', 0.0000),
	(353, 'LOTUS INTERNATIONAL FREIGHT EXPRESS PVT LTD-CR', 'Sundry Creditors S/L', 0.0000),
	(354, 'LYNN CARGO CARE NORTH P.LTD', 'Sundry Creditors S/L', 0.0000),
	(355, 'M.G. LOGISTICS INDIA PVT LTD-CR', 'Sundry Creditors S/L', 0.0000),
	(356, 'M.R LOGISTICS INDIA PVT LTD ( CR)', 'Sundry Creditors S/L', 0.0000),
	(357, 'MAC-NELS CONTAINER LINES PVT LTD-Cr', 'Sundry Creditors S/L', 0.0000),
	(358, 'MACOLINE SHIPPING PVT. LTD (CR)', 'Sundry Creditors S/L', 0.0000),
	(359, 'Maersk India Pvt Ltd(Cr)', 'Sundry Creditors S/L', 0.0000),
	(360, 'MAERSK LINE INDIA PVT LTD -CR', 'Sundry Creditors S/L', 0.0000),
	(361, 'MAERSK LINE INDIA PVT LTD A/C SAFMARINE-CR', 'Sundry Creditors-S/L', 0.0000),
	(362, 'MAGNETICS LOGISTICS PVT. LTD (CR)', 'Sundry Creditors S/L', -3400.0000),
	(363, 'MAGS IMPEX SHIPPING PVT. LTD.CR', 'Sundry Creditors S/L', 0.0000),
	(364, 'MAJESTIC MARITIME PRIVATE LIMITED', 'Sundry Creditors S/L', 0.0000),
	(365, 'MANILAL PATEL CLEARING FORWARDING P. LTD (CR)', 'Sundry Creditors S/L', 0.0000),
	(366, 'MAP LOGISTICS PVT LTD-CR', 'Sundry Creditors S/L', 0.0000),
	(367, 'Marine Container Services ( I ( Pvt. Ltd.', 'Sundry Creditors S/L', 0.0000),
	(368, 'Maritime Serives Pvt. Ltd.(Cr)', 'Sundry Creditors S/L', 0.0000),
	(369, 'MARS SHIPPING AGENCY-CR', 'Sundry Creditors S/L', 0.0000),
	(370, 'MATRIX FREIGHT SYSTEM (P) LTD-CR', 'Sundry Creditors S/L', 0.0000),
	(371, 'MAXICON SHIPPING AGENCIES (CR)', 'Sundry Creditors S/L', 0.0000),
	(372, 'MAXICON SHIPPING AGENCIES PVT. LTD.', 'Sundry Creditors S/L', 0.0000),
	(373, 'MAYUR C. CONTRACTOR', 'Sundry Creditors S/L', 0.0000),
	(374, 'MCC CONTAINER LINES PVT LTD-CR', 'Sundry Creditors S/L', 0.0000),
	(375, 'Measurement Charges', 'Directincome', 0.0000),
	(376, 'MEC-NELS CONTAINER LINES PVT. LTD (CR)', 'Sundry Creditors S/L', 0.0000),
	(377, 'MECFA', 'Sundry Debtors', 0.0000),
	(378, 'MEIKO LOGISTICS (INDIA) PVT LTD (CR)', 'Sundry Creditors S/L', 0.0000),
	(379, 'Merchant Shipping Service Pvt. Ltd. (Cr)', 'Sundry Creditors S/L', 0.0000),
	(380, 'Meridian Shipping Agency Pvt. Ltd.(Cr)', 'Sundry Creditors S/L', 0.0000),
	(381, 'MFC TRANSPORT PVT LTD- CR', 'Sundry Creditors S/L', 0.0000),
	(382, 'Miracle Shipping  (Delhi) Pvt. Ltd.-CR', 'Sundry Creditors S/L', 0.0000),
	(383, 'MISC Agencies India Pvt. Ltd.- CR', 'Sundry Creditors S/L', 0.0000),
	(384, 'Miscellaneous Exp.', 'Directexpense', 0.0000),
	(385, 'Mitsui O.S.K. Lines (India) Pvt. Ltd. (Cr)', 'Sundry Creditors S/L', 0.0000),
	(386, 'MODERN CARGO SERVICES PVT LTD (CR)', 'Sundry Creditors S/L', 0.0000),
	(387, 'MONTANE SHIPPING PVT. LTD (CR)', 'Sundry Creditors S/L', 0.0000),
	(388, 'Mot Expenses Account', 'Directexpense', 0.0000),
	(389, 'MOVERS (CR)', 'Sundry Creditors S/L', 0.0000),
	(390, 'MOVERS INTERNATIONAL PVT. LTD.(Cr)', 'Sundry Creditors S/L', 0.0000),
	(391, 'Movex Cargo Pvt Ltd (CR)', 'Sundry Creditors S/L', 0.0000),
	(392, 'Msc Agency (India) Pvt. Ltd (Cr).', 'Sundry Creditors-S/L', 0.0000),
	(393, 'MSC AGENCY INDIA PVT. LTD. (LDH)', 'Sundry Creditors-S/L', 0.0000),
	(394, 'MUSKAN CONTAINER LINES PVT LTD-CR', 'Sundry Creditors S/L', 0.0000),
	(395, 'N V LEVACO', 'Sundry Debtors', 0.0000),
	(396, 'N. S. SHIPPING and LOGISTICS', 'Sundry Creditors S/L', 0.0000),
	(397, 'Natvar Parikh Industries Ltd.(Cr)', 'Sundry Creditors S/L', 0.0000),
	(398, 'NEPCON SHIPPING LLC-DUBAI', 'Sundry Debtors', 0.0000),
	(399, 'NEPCON SHIPPING LLC.', 'Sundry Debtors', -230.0000),
	(400, 'NEPTUNE CONTAINER LINE and LOGISTICS PVT.LTD.(Cr)', 'Sundry Creditors S/L', 0.0000),
	(401, 'NEW GLOBE LOGISTIK PVT. LTD.(Cr)', 'Sundry Creditors S/L', 0.0000),
	(402, 'Nls Agency ( India ) Pvt. Ltd. (LDH)', 'Sundry Creditors S/L', 0.0000),
	(403, 'NOBLE SHIPPING PVT. LTD.-CR', 'Sundry Creditors S/L', 0.0000),
	(404, 'NORMAN GLOBAL LOGISTICS', 'Sundry Debtors', 0.0000),
	(405, 'NORTHWEST SHIPPING AND LOGISTICS PVT LTD-CR', 'Sundry Creditors S/L', 0.0000),
	(406, 'NYK LINE ( INDIA ) LTD -CR', 'Sundry Creditors S/L', 0.0000),
	(407, 'O S L SHIPPING AGENCIES (I) PVT. LTD. (CR)', 'Sundry Creditors S/L', 0.0000),
	(408, 'OASIS SHIPPING PVT LTD-CR', 'Sundry Creditors S/L', 0.0000),
	(409, 'Ocean Freight', 'Directincome', 0.0000),
	(410, 'Ocean Freight- Collect Paid A/C', 'Directexpense', 0.0000),
	(411, 'OCEAN FREIGHT-CC RECEIVED A/C', 'Directincome', 0.0000),
	(412, 'OCEAN FREIGHT-PP RECEIVED A/C', 'Directincome', 0.0000),
	(413, 'OCEAN FREIGHT-PREPAID PAID A/C ', 'Directexpense', 0.0000),
	(414, 'Ocean King Shipping Service P. Ltd. (Cr)', 'Sundry Creditors-S/L', 0.0000),
	(415, 'Ocean Network Express Pte Ltd (CR)', 'Sundry Creditors S/L', 0.0000),
	(416, 'OCEANID LOGISTICS PVT. LTD (CR)', 'Sundry Creditors S/L', 0.0000),
	(417, 'OM CARGO LOGISTICS (CR)', 'Sundry Creditors S/L', 0.0000),
	(418, 'Omega Shipping ( P ) Ltd.(Cr)', 'Sundry Creditors S/L', 0.0000),
	(419, 'OMEGA SHIPPING AGENCIES PVT. LTD. (CR)', 'Sundry Creditors S/L', 0.0000),
	(420, 'ON TIME INTERNATIONAL LOGISTICS PRIVATE LTD.-CR', 'Sundry Creditors S/L', 0.0000),
	(421, 'OOCL (EUROPE) LTD-CR', 'Sundry Creditors S/L', 0.0000),
	(422, 'OOCL (INDIA) PVT. LTD, (Cr)', 'Sundry Creditors S/L', 0.0000),
	(423, 'OOCL LOGISTICS (i) PVT LTD -CR', 'Sundry Creditors S/L', 0.0000),
	(424, 'OPAL ASIA LINE INDIA PVT. LTD. (CR)', 'Sundry Creditors S/L', 0.0000),
	(425, 'OPAL ASIA LOGISTIC ( I ) P.LTD (CR)', 'Sundry Creditors S/L', 0.0000),
	(426, 'OPAL ASIA SHIPPING AGENCIES INDIA PVT LTD. (CR)', 'Sundry Creditors S/L', 0.0000),
	(427, 'OPUS DEI LOGISTICS INDIA PVT.LTD-CR', 'Sundry Creditors S/L', 0.0000),
	(428, 'ORCHID SHIPPING PVT.LTD CR', 'Sundry Creditors S/L', 0.0000),
	(429, 'Orient Overseas Contianer Line Ltd -cr', 'Sundry Creditors S/L', 0.0000),
	(430, 'ORIENT SHIP AGENCY PVT LTD-CR', 'Sundry Creditors S/L', 0.0000),
	(431, 'ORIENTAL CLEARING AGENCIES(Cr)', 'Sundry Creditors S/L', 0.0000),
	(432, 'Other Charges', 'Directincome', 0.0000),
	(433, 'PACE EXPRESS TRAVELS and CARGO PVT LTD -CR', 'Sundry Creditors S/L', 0.0000),
	(434, 'PAN ASIA LOGISTICS INDIA PVT. LTD.', 'Sundry Creditors S/L', 0.0000),
	(435, 'PAN ASIA LOGISTICS INDIA PVT. LTD. (MUM)', 'Sundry Creditors S/L', 0.0000),
	(436, 'PANALPINA WORLD TRANSPORT (INDIA) PVT LTD.(Cr)', 'Sundry Creditors S/L', 0.0000),
	(437, 'Parekh Marine Agencies Pvt. Ltd.(Cr)', 'Sundry Creditors S/L', 0.0000),
	(438, 'PEGASUS LOGISTICS PVT. LTD (CR)', 'Sundry Creditors S/L', 0.0000),
	(439, 'PENANSHIN SHIPPING INDIA PVT LTD-CR', 'Sundry Creditors S/L', 0.0000),
	(440, 'PERCEPT SHIPPING and LOGISTICS PVT LTD-CR', 'Sundry Creditors S/L', 0.0000),
	(441, 'Perma Shipping Line (I) Pvt.Ltd-CR', 'Sundry Creditors S/L', 0.0000),
	(442, 'PESCANOVA SHIPPING(INDIA)P.LTD.(cr)', 'Sundry Creditors S/L', 0.0000),
	(443, 'Phoenix International Freight Services Pvt. Ltd-CR', 'Sundry Creditors S/L', 0.0000),
	(444, 'PIL INDIA PVT LTD (Cr)', 'Sundry Creditors S/L', 0.0000),
	(445, 'Pil Mumbai Private Limited (Cr)', 'Sundry Creditors-S/L', 0.0000),
	(446, 'PIPIL FREIGHT FORWARDING PVT.LTD-CR', 'Sundry Creditors S/L', 0.0000),
	(447, 'Pisces Container Lines ( India ) P. Ltd. (Cr)', 'Sundry Creditors S/L', 0.0000),
	(448, 'PL SHIPPING and LOGISTICS PVT. LTD.(Cr)', 'Sundry Creditors S/L', 0.0000),
	(449, 'Pole To Pole Shipping Services Pvt. Ltd.', 'Sundry Creditors S/L', 0.0000),
	(450, 'PORTTRADE SHIPPING AGENCIES PVT LTD ', 'Sundry Creditors S/L', 0.0000),
	(451, 'Poseidon Shipping Agency Pvt.Ltd.(Cr)', 'Sundry Creditors S/L', 0.0000),
	(452, 'POTA GLOBAL LOGISTICS INDIA P. LTD (CR)', 'Sundry Creditors S/L', 0.0000),
	(453, 'Powerhouse International (QLD) Pty Ltd', 'Sundry Debtors', 0.0000),
	(454, 'Powerhouse International (VIC) Pty Ltd -Melbourne', 'Sundry Debtors', 0.0000),
	(455, 'PREPAID EXPENSES - AIR', 'Current Asset', 0.0000),
	(456, 'PREPAID EXPENSES-(Total)', 'Current Asset', 0.0000),
	(457, 'PRIME TIME LOGISITCS PVT.LTD', 'Sundry Creditors S/L', 0.0000),
	(458, 'PRINCIPAL CONTAINER LINE PVT. LTD. (CR)', 'Sundry Creditors S/L', 0.0000),
	(459, 'PRO LOGISTICS (I) LTD.(Cr)', 'Sundry Creditors S/L', 0.0000),
	(460, 'Prudent Sea and AirServices Pvt Ltd (Cr)', 'Sundry Creditors S/L', 0.0000),
	(461, 'PSL LOGISTICS INDIA PVT LTD -CR', 'Sundry Creditors S/L', 0.0000),
	(462, 'PV AGENCIES FREIGHT FORWARDER', 'Sundry Creditors S/L', 0.0000),
	(463, 'QAYS INTERNATIONAL (CR)', 'Sundry Creditors S/L', 0.0000),
	(464, 'QINGDAO RITZY INTERNATIONAL CARGO', 'Sundry Debtors', 0.0000),
	(465, 'QUICK SILVER FREIGHT SYSTEMS PVT. LTD.(Cr)', 'Sundry Creditors S/L', 0.0000),
	(466, 'QUICKFLO LOGISTICS PTE LTD.', 'Sundry Debtors', 0.0000),
	(467, 'R R SHIPPING PVT. LTD.', 'Sundry Creditors S/L', 0.0000),
	(468, 'R.A.S. FREIGHT PRIVATE LIMITED-cr', 'Sundry Creditors S/L', 0.0000),
	(469, 'R/R CHARGES PAID A/C - (40)', 'Directexpense', 0.0000),
	(470, 'R/R CHARGES RECD A/C - (40)', 'Directincome', 0.0000),
	(471, 'RADIANT MARITIME I PVT LTD. (CR)', 'Sundry Creditors S/L', 0.0000),
	(472, 'RAIL FREIGHT PAID A/C ', 'Directexpense', 0.0000),
	(473, 'Rail Freight Paid A/C (Food Grain) ', 'Directexpense', 0.0000),
	(474, 'RAIL FREIGHT RECD (FOOD GRAIN)', 'Directincome', 0.0000),
	(475, 'Railway Freight Recd A/C', 'Directincome', 0.0000),
	(476, 'RCL FEEDER PTE. LTD A/C CITI BANK (CR)', 'Sundry Creditors S/L', 0.0000),
	(477, 'RCS LOGISTICS PVT LTD-CR', 'Sundry Creditors S/L', 0.0000),
	(478, 'REBATE and DISCOUNT ', 'Directexpense', 0.0000),
	(479, 'RECEIPTS AS PURE AGENT', 'Directincome', 0.0000),
	(480, 'RED EAGLE SHIPPING AGENCIES PVT. LTD. (CR.)', 'Sundry Creditors S/L', 0.0000),
	(481, 'REGISTRATION CHARGES', 'Directexpense', 0.0000),
	(482, 'rent', 'Indirect Expense', 0.0000),
	(483, 'RHENUS LOGISTICS INDIA PVT LTD-CR ', 'Sundry Creditors S/L', 0.0000),
	(484, 'RHENUS PROLOG LOGISTICS LIMITED (Cr)', 'Sundry Creditors S/L', 0.0000),
	(485, 'ROBINSONS CARGO and LOGISTICS PVT. LTD.-CR', 'Sundry Creditors S/L', 0.0000),
	(486, 'Round Off A/c', 'Directexpense', 0.0000),
	(487, 'ROYAL LIVING PTY.LTD.', 'Sundry Debtors', 0.0000),
	(488, 'RR Charges Rec.- Non Taxable (H/C)', 'Directincome', 0.0000),
	(489, 'RR Charges Received- 25 Taxable (TPT.)', 'Directincome', 0.0000),
	(490, 'RR Charges-Paid-30 Taxable(Rail frt.)', 'Directexpense', 0.0000),
	(491, 'RR Charges-Received -30 Taxable(Rail frt.)', 'Directincome', 0.0000),
	(492, 'RR.Charges Received -100 Taxable', 'Directincome', 0.0000),
	(493, 'S-NET FREIGHT INDIA PVT LTD-CR', 'Sundry Creditors S/L', 0.0000),
	(494, 'Safewater Lines (I) Pvt Ltd - Cr', 'Sundry Creditors-S/L', 0.0000),
	(495, 'Safmarine India Pvt. Ltd.(Cr)', 'Sundry Creditors S/L', 0.0000),
	(496, 'SAI AEROCEAN LOGISTICS PVT.LTD-CR.', 'Sundry Creditors S/L', 0.0000),
	(497, 'Sai Freight Pvt. Ltd.', 'Sundry Creditors S/L', 0.0000),
	(498, 'Sales Prom.Inc.Aeroflot', 'Directincome', 0.0000),
	(499, 'Samsara Shipping Pvt. Ltd.Cr', 'Sundry Creditors-S/L', 0.0000),
	(500, 'SARAYU MARITIME PVT LTD-CR', 'Sundry Creditors S/L', 0.0000),
	(501, 'SARJAK CONTAINER LINE PVT LTD-CR', 'Sundry Creditors S/L', 0.0000),
	(502, 'SCANWELL LOGISTICS INDIA PVT.LTD.(cr)', 'Sundry Creditors S/L', 0.0000),
	(503, 'Schaefco International CR.', 'Sundry Creditors S/L', 0.0000),
	(504, 'SCHENKER INDIA P. LTD (CR)', 'Sundry Creditors S/L', 0.0000),
	(505, 'SDV AIR LINK INDIA LTD(Cr)', 'Sundry Creditors S/L', 0.0000),
	(506, 'SDV INTERNATIONAL LOGISTICS LIMITED', 'Sundry Creditors S/L', 0.0000),
	(507, 'Sea Freight - Non Taxable Received', 'Directincome', 0.0000),
	(508, 'Sea Freight Account', 'Directexpense', 0.0000),
	(509, 'Sea Freight Non Taxable Rec.- NEPZ', 'Directincome', 0.0000),
	(510, 'Sea Freight Non-Taxable Paid', 'Directexpense', 0.0000),
	(511, 'SEA HAWK LINES PVT. LTD.(Cr)', 'Sundry Creditors S/L', 0.0000),
	(512, 'SEA MARINE LOGISTICS PVT. LTD. (CR)', 'Sundry Creditors S/L', 0.0000),
	(513, 'SEA-FRT', 'Directexpense', 0.0000),
	(514, 'SEABRIDGE MARINE AGENCIES PVT LTD (CR)', 'Sundry Creditors-S/L', 0.0000),
	(515, 'Seabridge Maritime Agencies Pvt. Ltd(Cr)', 'Sundry Creditors S/L', 0.0000),
	(516, 'Seaglobe Logistics Pvt. Ltd. (CR)', 'Sundry Creditors S/L', 0.0000),
	(517, 'SEAGULL MARITIME AGENCIES PVT LTD (CR)', 'Sundry Creditors S/L', 0.0000),
	(518, 'Seahorse Ship Agencies Pvt Ltd CR', 'Sundry Creditors S/L', 0.0000),
	(519, 'SEAL CHARGES', 'Directexpense', 0.0000),
	(520, 'SEALAND CONTAINER LINES (I) PVT LTD - CR', 'Sundry Creditors S/L', 0.0000),
	(521, 'SEAMASTER SHIPPING and LOGISTICS PVT LTD(CR)', 'Sundry Creditors S/L', 0.0000),
	(522, 'SEAMASTER SHIPPING GMBH-GERMANY-CR', 'Sundry Creditors S/L', 0.0000),
	(523, 'SEASKY CARGO and TRAVELS P LTD (Cr)', 'Sundry Creditors S/L', 0.0000),
	(524, 'SEASKY SHIPPING INDIA PVT. LTD (CR)', 'Sundry Creditors S/L', 0.0000),
	(525, 'SEASPEED SHIPPING AGENCY LTD- cr.', 'Sundry Creditors S/L', 0.0000),
	(526, 'SEASTAR GLOBAL LOGISTICS PVT. LTD.(CR)', 'Sundry Creditors S/L', 0.0000),
	(527, 'SEATRADE SHIPPING INDIA PVT LTD-CR', 'Sundry Creditors S/L', 0.0000),
	(528, 'Seatrans Agencies Pvt.Ltd. (Cr)', 'Sundry Creditors S/L', 0.0000),
	(529, 'SEATRANS FREIGHT AGENCIES (PTE)LTD.', 'Sundry Creditors S/L', 0.0000),
	(530, 'SEAWAY LOGISTICS SOLUTIONS LLC', 'Sundry Debtors', 0.0000),
	(531, 'SEAWAYS MARITIME AND TRANSPORT AGENCIES (P) LTD(Cr', 'Sundry Creditors S/L', 0.0000),
	(532, 'SEAWAYS MARITIME AND TRANSPORT AGENCIES PVT LTD', 'Sundry Creditors S/L', 0.0000),
	(533, 'SEAWAYS SHIPPING AND LOGISTICS LTD. (CR)', 'Sundry Creditors S/L', 0.0000),
	(534, 'Seaworld Shipping and Logistics Pvt.Ltd.', 'Sundry Creditors S/L', 0.0000),
	(535, 'SEKO LOGISTICS INDIA PVT. LTD.', 'Sundry Creditors S/L', 0.0000),
	(536, 'SENATOR LINE GMBH-CR', 'Sundry Creditors S/L', 0.0000),
	(537, 'Service Charges Received A/c', 'Directincome', 0.0000),
	(538, 'SGST PAID - Others', 'GSTPayable', 0.0000),
	(539, 'SGST PAID A/C ', 'GSTPayable', 346.1400),
	(540, 'SGST RECEIVED A/C ', 'GSTReceivable', 54.0000),
	(541, 'Shaan\'s Cargo (P) Ltd (CR)', 'Sundry Creditors S/L', 0.0000),
	(542, 'SHARP LOGISTICS PVT LTD-CR', 'Sundry Creditors S/L', 0.0000),
	(543, 'SHIKHAR LOGISTICS PVT. LTD.(Cr)', 'Sundry Creditors S/L', 0.0000),
	(544, 'Shine Travels and Cargo P. Ltd (CR)', 'Sundry Creditors S/L', 0.0000),
	(545, 'SHIPPING LINE DETENTION CHARGES', 'Directincome', 0.0000),
	(546, 'SHIVA LOGISTICS P.LTD.', 'Sundry Creditors S/L', 0.0000),
	(547, 'SHRE BALAJI AVN FREIGHT MOVERS ( CR )', 'Sundry Creditors S/L', 0.0000),
	(548, 'SHREY RELAY STYTEM (CR)', 'Sundry Creditors S/L', 0.0000),
	(549, 'SIKKAS KWICK HANDLING SERVICE PVT. LTD.(Cr)', 'Sundry Creditors S/L', 0.0000),
	(550, 'SILVERLINE LOGISTICS-CR', 'Sundry Creditors-S/L', 0.0000),
	(551, 'SIMPLE FREIGHT SERVICES LTD.', 'Sundry Debtors', 0.0000),
	(552, 'Sitara Shipping Ltd. (CR)', 'Sundry Creditors S/L', 0.0000),
	(553, 'SKY-BARGE FREIGHT PVT LTD-CR', 'Sundry Creditors S/L', 0.0000),
	(554, 'SKY2C FREIGHT SYSTEMS (INDIA) PRIVATE LIMITED-CR', 'Sundry Creditors S/L', 0.0000),
	(555, 'SKYLINE FREIGHT FORWARDERS (CR)', 'Sundry Creditors S/L', 0.0000),
	(556, 'SKYLINE FREIGHT INC', 'Sundry Debtors', 0.0000),
	(557, 'SM LINE CORPORATION INDIA PVT LTD', 'Sundry Creditors S/L', 0.0000),
	(558, 'Southex Shipping and Clearing Agency (Cr)', 'Sundry Creditors S/L', 0.0000),
	(559, 'SP CONTAINER LINE PVT LTD. (CR)', 'Sundry Creditors S/L', 0.0000),
	(560, 'Sri Ganesh Forwarders Pvt.Ltd.(Cr)', 'Sundry Creditors S/L', 0.0000),
	(561, 'ST. JUDES FREIGHT PVT. LTD (CR)', 'Sundry Creditors S/L', 0.0000),
	(562, 'ST.JUDES FREIGHT SYSTEMS-CR', 'Sundry Creditors S/L', 0.0000),
	(563, 'STAR FREIGHT PVT LTD', 'Sundry Creditors S/L', 0.0000),
	(564, 'Star Shipping Services(I) Pvt Ltd(Cr)', 'Sundry Creditors-S/L', 0.0000),
	(565, 'STERLING SEA AIR FREIGHT EXP. PVT LTD-CR', 'Sundry Creditors S/L', 0.0000),
	(566, 'SUJORA SHIPPING PVT LTD-CR', 'Sundry Creditors S/L', 0.0000),
	(567, 'Sunitrans Logistics Pvt. Ltd.-CR', 'Sundry Creditors S/L', 0.0000),
	(568, 'Super Freight (Delhi) CR', 'Sundry Creditors S/L', 0.0000),
	(569, 'Swift Freight ( I ) Pvt. Ltd.', 'Sundry Creditors S/L', 0.0000),
	(570, 'SWIRE SHIPPING LTD', 'Sundry Creditors S/L', 0.0000),
	(571, 'Synergy Cargo Management (I) pvt Ltd (Cr)', 'Sundry Creditors S/L', 0.0000),
	(572, 'T.S.LINES (INDIA) PVT LTD (CR)', 'Sundry Creditors S/L', 0.0000),
	(573, 'TAURUS FORWARDERS PVT. LTD.(Cr)', 'Sundry Creditors S/L', 0.0000),
	(574, 'TDS AIRLINES', 'Current Asset', 0.0000),
	(575, 'TDS DEDUCTED BY PARTY', 'Current Asset', 0.0000),
	(576, 'TDS DEDUCTED BY PARTY and S/L  AFTER 25.06.19', 'Current Asset', 0.0000),
	(577, 'TDS DEDUCTED BY S/L  ON BROK.', 'Current Asset', 0.0000),
	(578, 'TDS DEDUCTED ON CASH WITHDRAWAL', 'Current Asset', 0.0000),
	(579, 'TDS SHIPPER', 'Current Asset', 0.0000),
	(580, 'TEAMGLOBAL LOGISTICS PVT. LTD.(CR)', 'Sundry Creditors-S/L', 0.0000),
	(581, 'TEAMLEADER LOGISTICS PVT LTD-CR', 'Sundry Creditors S/L', 0.0000),
	(582, 'THE NATIONAL SHIPPING COMPANY OF SAUDI ARABIA-CR', 'Sundry Creditors S/L', 0.0000),
	(583, 'The Shipping Corporationof India Ltd. (Cr)', 'Sundry Creditors-S/L', 0.0000),
	(584, 'TIGER LOGISTICS INDIA PVT. LTD.', 'Sundry Creditors S/L', 0.0000),
	(585, 'TLPL LOGISTICS PVT LTD (CR)', 'Sundry Creditors S/L', 0.0000),
	(586, 'TOP OCEAN CARGO MOVEMENTS PVT LTD-CR', 'Sundry Creditors S/L', 0.0000),
	(587, 'TOP OCEAN TRANSPORT P.LTD (CR)', 'Sundry Creditors S/L', 0.0000),
	(588, 'TOP TO TOP SHIPPING SERVICES PVT. LTD ', 'Sundry Creditors S/L', 0.0000),
	(589, 'TOTAL TRANSPORT SYSTEMS PVT. LTD.', 'Sundry Creditors-S/L', 0.0000),
	(590, 'Trailer Running and Maintenance Exp-0320 (40")', 'Directexpense', 0.0000),
	(591, 'Trailer Running and Maintenance Exp-2153 (40")', 'Directexpense', 0.0000),
	(592, 'Trailer Running and Maintenance Exp-2660 (20")', 'Directexpense', 0.0000),
	(593, 'Trailer Running and Maintenance Exp-5055 (20")', 'Directexpense', 0.0000),
	(594, 'Trailer Running and Maintenance Exp-5411 (40")', 'Directexpense', 0.0000),
	(595, 'Trailer Running and Maintenance Exp-5620 (40")', 'Directexpense', 0.0000),
	(596, 'Trailer Running and Maintenance Exp-6337 (40")', 'Directexpense', 0.0000),
	(597, 'Trailer Running and Maintenance Exp-6398 (40")', 'Directexpense', 0.0000),
	(598, 'Trans Asian Shipping Services P.Ltd (Cr)', 'Sundry Creditors S/L', 0.0000),
	(599, 'TRANSPOLE LOGISTICS PVT. LTD-CR.', 'Sundry Creditors S/L', 0.0000),
	(600, 'TRANSPORT PAID (FOOD GRAIN) ', 'Directexpense', 0.0000),
	(601, 'Transportation Charges Paid', 'Directexpense', 0.0000),
	(602, 'Transportation Charges Received', 'Directincome', 0.0000),
	(603, 'Transportation Paid/RR charges 25(Taxable) ', 'Directexpense', 0.0000),
	(604, 'TRANSPORTATION RECD (FOODGRAINS)', 'Directincome', 0.0000),
	(605, 'Transportation Received (Non Taxable)', 'Directincome', 0.0000),
	(606, 'TRANSVISION SHIPPING PVT LTD-CR', 'Sundry Creditors S/L', 0.0000),
	(607, 'Transworld Global Logistics Solutions I P Ltd (CR)', 'Sundry Creditors S/L', 0.0000),
	(608, 'TRANSWORLD SHIPPING AND LOGISTICS LTD-CR', 'Sundry Creditors S/L', 0.0000),
	(609, 'TRANSX HAULIERS PVT. LTD.', 'Sundry Creditors S/L', 0.0000),
	(610, 'Tristar Logistics (I) Pvt Ltd (Cr)', 'Sundry Creditors S/L', 0.0000),
	(611, 'TRISTAR LOGISTICS INC-CR', 'Sundry Creditors S/L', 0.0000),
	(612, 'TRITON LOGISTICS and MARITIME PVT. LTD (CR)', 'Sundry Creditors S/L', 0.0000),
	(613, 'TRIUM LOGISTICS INDIA PVT LTD', 'Sundry Creditors S/L', 0.0000),
	(614, 'UNI SHIP AGENCY PVT LTD-CR', 'Sundry Creditors S/L', 0.0000),
	(615, 'UNION BANK OF INDIA N.P.', 'bankaccounts', -4000.0000),
	(616, 'UNIQUE  LOGISTICS INTERNATIONAL INDIA PVT LTD-CR', 'Sundry Creditors S/L', 0.0000),
	(617, 'Unique Regulus Supply Chain Solutions (I) Pvt. Ltd', 'Sundry Creditors S/L', 0.0000),
	(618, 'UNISHIP AGENCY and LOGISTICS PVT LTD-CR', 'Sundry Creditors S/L', 0.0000),
	(619, 'UNITED ARAB SHIPPING CO.(I) P.LTD-CR', 'Sundry Creditors S/L', 0.0000),
	(620, 'UNITED FREIGHT MANAGEMENT PVT LTD-CR', 'Sundry Creditors S/L', 0.0000),
	(621, 'United Liner Agencies Of India Pvt. Ltd.(Cr)', 'Sundry Creditors S/L', 0.0000),
	(622, 'Universal Logistics-Cr', 'Sundry Creditors-S/L', 0.0000),
	(623, 'UNIWORLD LOGISTICS PVT LTD-CR', 'Sundry Creditors S/L', 0.0000),
	(624, 'UNIWORLD LOGISTICS PVT. LTD.(Cr)', 'Sundry Creditors S/L', 0.0000),
	(625, 'UPS SCS (INDIA) PRIVATE LIMITED-CR', 'Sundry Creditors S/L', 0.0000),
	(626, 'UT WORLDWIDE  (INDIA) PVT LTD.(CR)', 'Sundry Creditors S/L', 0.0000),
	(627, 'V.BIRD SHIPPING AGENCIES (CR)', 'Sundry Creditors S/L', 0.0000),
	(628, 'V.R.LOGISTICS PVT.LTD (Cr)', 'Sundry Creditors S/L', 0.0000),
	(629, 'Value Freight (Delhi) Pvt Ltd (Cr)', 'Sundry Creditors S/L', 0.0000),
	(630, 'Van Running and Maintenance A/c', 'Directexpense', 0.0000),
	(631, 'VANGUARD LOGISTICS SERVICES (CR)', 'Sundry Creditors S/L', 0.0000),
	(632, 'VEHCILE (TRAILOR) RUN. and MAINT.', 'Directexpense', 0.0000),
	(633, 'VINCO INTERNATIONAL SHIPPING SERVICES LTD', 'Sundry Debtors', 0.0000),
	(634, 'VINI CONTAINER LINES PVT LTD-CR', 'Sundry Creditors S/L', 0.0000),
	(635, 'VOYAGE INDIA (CR)', 'Sundry Creditors S/L', 0.0000),
	(636, 'WAN HAI  LINES  LTD (CR)', 'Sundry Creditors S/L', 0.0000),
	(637, 'WAN HAI LINES INDIA PVT. LTD. (CR)', 'Sundry Creditors S/L', 0.0000),
	(638, 'Weiss-Rohlig India Pvt Ltd - Cr', 'Sundry Creditors S/L', 0.0000),
	(639, 'Welgrow Line ( North India) Pvt Ltd(CR)', 'Sundry Creditors S/L', 0.0000),
	(640, 'WIL HAVEN CONTAINER LINE PVT. LTD (CR)', 'Sundry Creditors S/L', 0.0000),
	(641, 'Wilson Sandhu Logistics ( India ) Pvt. Ltd.', 'Sundry Creditors S/L', 0.0000),
	(642, 'WILSON SANDHU LOGISTICS (I) PVT.LTD.', 'Sundry Creditors S/L', 0.0000),
	(643, 'WINAIR (INDIA) LOGISTIC PRIVATE LTD.', 'Sundry Creditors S/L', 0.0000),
	(644, 'WINGS LOGISTICS PVT.LIMITED', 'Sundry Creditors S/L', 0.0000),
	(645, 'WINWIN MARITIME LIMITED (CR)', 'Sundry Creditors S/L', 0.0000),
	(646, 'WORLDMARK FREIGHT LOGISTICS PVT. LTD.-CR', 'Sundry Creditors S/L', 0.0000),
	(647, 'Worldwide Logistics (India) Pvt. Ltd. (Cr)', 'Sundry Creditors S/L', 0.0000),
	(648, 'Wsa Lines (Bombay) Pvt. Ltd. (Cr)', 'Sundry Creditors S/L', -121.0000),
	(649, 'Wsa Lines (Delhi) Pvt. Ltd. (Cr)', 'Sundry Creditors S/L', 0.0000),
	(650, 'YANG MING ( UK ) LTD-CR', 'Sundry Creditors S/L', 0.0000),
	(651, 'Yangming Line (I) Pvt. Ltd (Cr)', 'Sundry Creditors S/L', 0.0000),
	(652, 'YES BANK', 'bankaccounts', 0.0000),
	(653, 'Yes Bank 001484100000954', 'bankaccounts', -790.0000),
	(654, 'YES BANK- CA-001684100000740', 'bankaccounts', 0.0000),
	(655, 'YES BANK- CA-020384000000011', 'bankaccounts', 0.0000),
	(656, 'YICHENG LOGISTICS (I) PVT. LTD (CR)', 'Sundry Creditors S/L', 0.0000),
	(657, 'YUSEN AIR and SEA SERVICES INDIA P, LTD (CR)', 'Sundry Creditors S/L', 0.0000),
	(658, 'YUSEN LOGISTICS INDIA LTD-CR', 'Sundry Creditors S/L', -111.0000),
	(659, 'ZED AAR LOGISTICS-CR', 'Sundry Creditors S/L', 0.0000),
	(660, 'Zeppelin Express Cargo-Cr', 'Sundry Creditors S/L', 0.0000),
	(661, 'Zim Integrated Shipping Services (I) Pvt. Ltd.(Cr)', 'Sundry Creditors-S/L', 80.0000),
	(662, 'Zim World Freight Pvt. Ltd.-CR', 'Sundry Creditors S/L', 0.0000),
	(663, 'ZUST AND BACHMEIER SA- SWITZERLAND', 'Sundry Creditors S/L', -565.0000);
/*!40000 ALTER TABLE `accountmaster` ENABLE KEYS */;

-- Dumping structure for table accountmaster.bankpayment
DROP TABLE IF EXISTS `bankpayment`;
CREATE TABLE IF NOT EXISTS `bankpayment` (
  `sno` int(11) NOT NULL AUTO_INCREMENT,
  `entrydate` date NOT NULL,
  `voucherno` varchar(40) NOT NULL,
  `creditaccount` varchar(40) NOT NULL,
  `creditamount` varchar(40) NOT NULL,
  `debitaccount` varchar(40) NOT NULL,
  `debitamount` varchar(40) NOT NULL,
  `chequeno` varchar(40) NOT NULL,
  `narration` varchar(40) NOT NULL,
  `division` varchar(40) NOT NULL,
  PRIMARY KEY (`sno`)
) ENGINE=InnoDB AUTO_INCREMENT=10 DEFAULT CHARSET=latin1;

-- Dumping data for table accountmaster.bankpayment: ~9 rows (approximately)
/*!40000 ALTER TABLE `bankpayment` DISABLE KEYS */;
INSERT INTO `bankpayment` (`sno`, `entrydate`, `voucherno`, `creditaccount`, `creditamount`, `debitaccount`, `debitamount`, `chequeno`, `narration`, `division`) VALUES
	(1, '2020-01-02', 'BV/DEL/SE/2', 'Indian Overseas Bank', '500', 'CARGOSOL SHIPPING AGENCIES (P) LTD.', '500', 'cgf', 'vvfvvv', 'Export Sea'),
	(2, '2020-01-15', 'BV/DEL/SE/3', 'BANK OF INDIA-12626', '700', 'B.S.V. Shipping Agencies Pvt Ltd. (CR)', '700', 'efef', 'fff', 'Export Sea'),
	(3, '2020-01-09', 'BV/DEL/SE/4', 'BANK OF INDIA-12626', '600', 'ALL CARGO LOGISTICS LTD-CR', '600', 'lo', 'pp', 'Export Sea'),
	(4, '0000-00-00', 'BV/DEL/SE/5', 'BANK OF INDIA-12626', '600', 'Arebee Star Maritime Agencies Pvt. Ltd', '600', 'll', ',,', 'Export Sea'),
	(5, '0000-00-00', 'BV/DEL/SE/6', 'YES BANK', '900', 'CARGOSOL SHIPPING AGENCIES (P) LTD.', '800', 'll', '', 'Export Sea'),
	(6, '0000-00-00', 'BV/DEL/SE/7', 'INDIAN BANK- NEW DELHI,CA-871340819', '999', 'AERONAUTIC FREIGHT SYSTEMS INC', '99', '99', '99', 'Export Sea'),
	(7, '2020-01-02', 'BV/DEL/SE/8', 'INDIAN BANK- NEW DELHI,CA-871340819', '900', '5% IGST PAID RCM A/C', '999', 'll', '', 'Export Sea'),
	(8, '2020-05-11', 'BV/DEL/SE/9', 'UNION BANK OF INDIA N.P.', '99', 'ASK Freight Forwarders Pvt.Ltd.(Cr)', '99', '99', '9', 'Export Sea'),
	(9, '2020-01-17', 'BV/DEL/SE/10', 'Yes Bank 001484100000954', '990', 'ASK Freight Forwarders Pvt.Ltd.(Cr)', '990', 'llo', 'll', 'Export Sea');
/*!40000 ALTER TABLE `bankpayment` ENABLE KEYS */;

-- Dumping structure for table accountmaster.bankpaymentno
DROP TABLE IF EXISTS `bankpaymentno`;
CREATE TABLE IF NOT EXISTS `bankpaymentno` (
  `sno` int(11) NOT NULL,
  `branch` varchar(40) NOT NULL,
  `division` varchar(40) NOT NULL,
  `voucherno` varchar(40) NOT NULL,
  PRIMARY KEY (`sno`)
) ENGINE=InnoDB DEFAULT CHARSET=latin1;

-- Dumping data for table accountmaster.bankpaymentno: ~20 rows (approximately)
/*!40000 ALTER TABLE `bankpaymentno` DISABLE KEYS */;
INSERT INTO `bankpaymentno` (`sno`, `branch`, `division`, `voucherno`) VALUES
	(1, 'Haryana', 'Export Sea', '1'),
	(2, 'Haryana', 'Import Sea', '1'),
	(3, 'Haryana', 'Export Air', '1'),
	(4, 'Haryana', 'Import Air', '1'),
	(5, 'Ludhiana', 'Export Sea', '1'),
	(6, 'Ludhiana', 'Import Sea', '1'),
	(7, 'Ludhiana', 'Export Air', '1'),
	(8, 'Ludhiana', 'Import Air', '1'),
	(9, 'Mumbai', 'Export Sea', '1'),
	(10, 'Mumbai', 'Import Sea', '1'),
	(11, 'Mumbai', 'Export Air', '1'),
	(12, 'Mumbai', 'Import Air', '1'),
	(13, 'New Delhi', 'Export Sea', '11'),
	(14, 'New Delhi', 'Import Sea', '1'),
	(15, 'New Delhi', 'Export Air', '1'),
	(16, 'New Delhi', 'Import Air', '1'),
	(17, 'Uttar pradesh', 'Export Sea', '1'),
	(18, 'Uttar pradesh', 'Import Sea', '1'),
	(19, 'Uttar pradesh', 'Export Air', '1'),
	(20, 'Uttar pradesh', 'Import Air', '1');
/*!40000 ALTER TABLE `bankpaymentno` ENABLE KEYS */;

-- Dumping structure for table accountmaster.bankreceipt
DROP TABLE IF EXISTS `bankreceipt`;
CREATE TABLE IF NOT EXISTS `bankreceipt` (
  `sno` int(11) NOT NULL AUTO_INCREMENT,
  `entrydate` date NOT NULL,
  `voucherno` varchar(40) NOT NULL,
  `creditaccount` varchar(40) NOT NULL,
  `creditamount` varchar(40) NOT NULL,
  `debitaccount` varchar(40) NOT NULL,
  `debitamount` varchar(40) NOT NULL,
  `chequeno` varchar(40) NOT NULL,
  `narration` varchar(40) NOT NULL,
  `division` varchar(40) NOT NULL,
  PRIMARY KEY (`sno`)
) ENGINE=InnoDB AUTO_INCREMENT=4 DEFAULT CHARSET=latin1;

-- Dumping data for table accountmaster.bankreceipt: ~3 rows (approximately)
/*!40000 ALTER TABLE `bankreceipt` DISABLE KEYS */;
INSERT INTO `bankreceipt` (`sno`, `entrydate`, `voucherno`, `creditaccount`, `creditamount`, `debitaccount`, `debitamount`, `chequeno`, `narration`, `division`) VALUES
	(1, '2019-10-02', 'BV/DEL/SE/1', 'AARAV IMPEX PRIVATE LIMITED', '24532.00', 'BANK OF INDIA-12626', '24532.00', '000', '', 'Export Sea'),
	(2, '2019-10-09', 'BV/DEL/SE/2', 'EXPORT SEA DIVISION (NEW DELHI)', '500', 'Yes Bank', '500', '01', '', 'Export Sea'),
	(3, '2020-01-02', 'BV/DEL/SE/3', 'CARGOSOL SHIPPING AGENCIES (P) LTD.', '90', 'IDBI BANK 075102000009225', '90', 'bb5', 'vvfvv', 'Export Sea');
/*!40000 ALTER TABLE `bankreceipt` ENABLE KEYS */;

-- Dumping structure for table accountmaster.bankreceiptno
DROP TABLE IF EXISTS `bankreceiptno`;
CREATE TABLE IF NOT EXISTS `bankreceiptno` (
  `sno` int(11) NOT NULL,
  `branch` varchar(40) NOT NULL,
  `division` varchar(40) NOT NULL,
  `voucherno` varchar(40) NOT NULL,
  PRIMARY KEY (`sno`)
) ENGINE=InnoDB DEFAULT CHARSET=latin1;

-- Dumping data for table accountmaster.bankreceiptno: ~20 rows (approximately)
/*!40000 ALTER TABLE `bankreceiptno` DISABLE KEYS */;
INSERT INTO `bankreceiptno` (`sno`, `branch`, `division`, `voucherno`) VALUES
	(1, 'Haryana', 'Export Sea', '1'),
	(2, 'Haryana', 'Import Sea', '1'),
	(3, 'Haryana', 'Export Air', '1'),
	(4, 'Haryana', 'Import Air', '1'),
	(5, 'Ludhiana', 'Export Sea', '1'),
	(6, 'Ludhiana', 'Import Sea', '1'),
	(7, 'Ludhiana', 'Export Air', '1'),
	(8, 'Ludhiana', 'Import Air', '1'),
	(9, 'Mumbai', 'Export Sea', '1'),
	(10, 'Mumbai', 'Import Sea', '1'),
	(11, 'Mumbai', 'Export Air', '1'),
	(12, 'Mumbai', 'Import Air', '1'),
	(13, 'New Delhi', 'Export Sea', '4'),
	(14, 'New Delhi', 'Import Sea', '2'),
	(15, 'New Delhi', 'Export Air', '1'),
	(16, 'New Delhi', 'Import Air', '1'),
	(17, 'Uttar pradesh', 'Export Sea', '1'),
	(18, 'Uttar pradesh', 'Import Sea', '1'),
	(19, 'Uttar pradesh', 'Export Air', '1'),
	(20, 'Uttar pradesh', 'Import Air', '1');
/*!40000 ALTER TABLE `bankreceiptno` ENABLE KEYS */;

-- Dumping structure for table accountmaster.billtradevoucher
DROP TABLE IF EXISTS `billtradevoucher`;
CREATE TABLE IF NOT EXISTS `billtradevoucher` (
  `sno` int(11) NOT NULL AUTO_INCREMENT,
  `voucherno` varchar(40) NOT NULL,
  `invoiceno` varchar(40) NOT NULL,
  `branch` varchar(50) NOT NULL,
  `fy` varchar(50) NOT NULL,
  `division` varchar(50) NOT NULL,
  `docketno` varchar(40) NOT NULL,
  `debitaccount` varchar(50) NOT NULL,
  `debit` float(12,3) NOT NULL,
  `creditaccount` varchar(50) NOT NULL,
  `credit` float(12,3) NOT NULL,
  `cgstaccount` varchar(50) NOT NULL,
  `cgstamount` float(12,3) NOT NULL,
  `sgstaccount` varchar(50) NOT NULL,
  `sgstamount` float(12,3) NOT NULL,
  `igstaccount` varchar(50) NOT NULL,
  `igstamount` float(12,3) NOT NULL,
  `narration` varchar(50) NOT NULL,
  PRIMARY KEY (`sno`)
) ENGINE=InnoDB AUTO_INCREMENT=24 DEFAULT CHARSET=utf8mb4;

-- Dumping data for table accountmaster.billtradevoucher: ~11 rows (approximately)
/*!40000 ALTER TABLE `billtradevoucher` DISABLE KEYS */;
INSERT INTO `billtradevoucher` (`sno`, `voucherno`, `invoiceno`, `branch`, `fy`, `division`, `docketno`, `debitaccount`, `debit`, `creditaccount`, `credit`, `cgstaccount`, `cgstamount`, `sgstaccount`, `sgstamount`, `igstaccount`, `igstamount`, `narration`) VALUES
	(1, 'TV/DEL/SE/1', 'ggh6', 'New Delhi', '19-20', 'Export Sea', 'NDL/SE/6/19-20', 'BSS Taxable Paid A/c', 18.000, 'NEPCON SHIPPING LLC.', 18.000, 'CGST PAID A/C', 1.620, 'SGST PAID A/C', 1.620, 'IGST PAID A/C', 0.000, 'po'),
	(2, 'TV/DEL/SE/1', 'ggh6', 'New Delhi', '19-20', 'Export Sea', 'NDL/SE/6/19-20', 'BSS Taxable Paid A/c', 122.000, 'NEPCON SHIPPING LLC.', 122.000, 'CGST PAID A/C', 10.980, 'SGST PAID A/C', 10.980, 'IGST PAID A/C', 0.000, 'po'),
	(3, 'TV/DEL/SE/2', 'loo1', 'New Delhi', '19-20', 'Export Sea', 'NDL/SE/4/19-20', 'Business Support Services Taxable Recd A/C', 600.000, 'AGS WORLD TRANSPORT (I) PVT LTD -CR', 600.000, 'CGST RECD A/C', 54.000, 'SGST RECEIVED A/C', 54.000, '', 0.000, ''),
	(4, 'TV/DEL/SE/2', 'loo1', 'New Delhi', '19-20', 'Export Sea', 'NDL/SE/4/19-20', 'Business Support Services Taxable Recd A/C', 600.000, 'AGS WORLD TRANSPORT (I) PVT LTD -CR', 600.000, 'CGST RECD A/C', 54.000, 'SGST RECEIVED A/C', 54.000, 'IGST RECD A/C', 0.000, 'tty'),
	(5, 'TV/DEL/SE/2', 'loo1', 'New Delhi', '19-20', 'Export Sea', 'NDL/SE/4/19-20', 'Business Support Services Taxable Recd A/C', 600.000, 'AGS WORLD TRANSPORT (I) PVT LTD -CR', 600.000, 'CGST RECD A/C', 54.000, 'SGST RECEIVED A/C', 54.000, 'IGST RECD A/C', 0.000, 'tty'),
	(6, 'TV/DEL/SE/2', 'loo1', 'New Delhi', '19-20', 'Export Sea', 'NDL/SE/4/19-20', 'Business Support Services Taxable Recd A/C', 600.000, 'AGS WORLD TRANSPORT (I) PVT LTD -CR', 600.000, 'CGST RECD A/C', 54.000, 'SGST RECEIVED A/C', 54.000, 'IGST RECD A/C', 0.000, 'tty'),
	(16, 'TV/DEL/SE/3', '556', 'New Delhi', '19-20', 'Export Sea', 'NDL/SE/8/19-20', 'BSS Taxable Paid A/c', 11.000, 'AAKYU SHIPPING & FORWARDING', 11.000, 'CGST PAID A/C', 0.990, 'SGST PAID A/C', 0.990, 'IGST PAID A/C', 0.000, 'aaq2'),
	(17, 'TV/DEL/SE/3', '556', 'New Delhi', '19-20', 'Export Sea', 'NDL/SE/8/19-20', 'BSS Taxable Paid A/c', 11.000, 'AAKYU SHIPPING & FORWARDING', 11.000, 'CGST PAID A/C', 0.990, 'SGST PAID A/C', 0.990, 'IGST PAID A/C', 0.000, 'see'),
	(18, 'TV/DEL/SE/3', '556', 'New Delhi', '19-20', 'Export Sea', 'NDL/SE/8/19-20', 'BSS Taxable Paid A/c', 11.000, 'AAKYU SHIPPING & FORWARDING', 11.000, 'CGST PAID A/C', 0.990, 'SGST PAID A/C', 0.990, 'IGST PAID A/C', 0.000, 'see'),
	(19, 'TV/DEL/SE/3', '556', 'New Delhi', '19-20', 'Export Sea', 'NDL/SE/8/19-20', 'BSS Taxable Paid A/c', 123.000, 'AAKYU SHIPPING & FORWARDING', 123.000, 'CGST PAID A/C', 11.070, 'SGST PAID A/C', 11.070, '', 0.000, 'aaq'),
	(20, 'TV/DEL/SE/3', '556', 'New Delhi', '19-20', 'Export Sea', 'NDL/SE/8/19-20', 'BSS Taxable Paid A/c', 123.000, 'AAKYU SHIPPING & FORWARDING', 123.000, 'CGST PAID A/C', 11.070, 'SGST PAID A/C', 11.070, 'IGST PAID A/C', 0.000, 'tty6'),
	(21, 'TV/HR/SE/1', 'hpg-0294', 'Haryana', '19-20', 'Export Sea', 'HR/SE/9/19-20', 'BSS Taxable Paid A/c', 2200.000, 'MAGNETICS LOGISTICS PVT. LTD (CR)', 2200.000, 'CGST PAID A/C', 198.000, 'SGST PAID A/C', 198.000, 'IGST PAID A/C', 0.000, 'mm1'),
	(22, 'TV/HR/SE/1', 'hpg-0294', 'Haryana', '19-20', 'Export Sea', 'HR/SE/9/19-20', 'BSS Taxable Paid A/c', 1200.000, 'MAGNETICS LOGISTICS PVT. LTD (CR)', 1200.000, 'CGST PAID A/C', 108.000, 'SGST PAID A/C', 108.000, 'IGST PAID A/C', 0.000, ''),
	(23, 'TV/DEL/SE/2', 'loo1', 'New Delhi', '19-20', 'Export Sea', 'NDL/SE/4/19-20', 'AGS WORLD TRANSPORT (I) PVT LTD -CR', 600.000, 'Business Support Services Taxable Recd A/C', 600.000, 'CGST RECD A/C', 54.000, 'SGST RECEIVED A/C', 54.000, 'IGST RECD A/C', 0.000, 'ssadsw');
/*!40000 ALTER TABLE `billtradevoucher` ENABLE KEYS */;

-- Dumping structure for table accountmaster.cashpayment
DROP TABLE IF EXISTS `cashpayment`;
CREATE TABLE IF NOT EXISTS `cashpayment` (
  `sno` int(11) NOT NULL AUTO_INCREMENT,
  `entrydate` date NOT NULL,
  `voucherno` varchar(40) NOT NULL,
  `creditaccount` varchar(40) NOT NULL,
  `creditamount` varchar(40) NOT NULL,
  `debitaccount` varchar(40) NOT NULL,
  `debitamount` varchar(40) NOT NULL,
  `chequeno` varchar(40) NOT NULL,
  `narration` varchar(40) NOT NULL,
  `division` varchar(40) NOT NULL,
  PRIMARY KEY (`sno`)
) ENGINE=InnoDB AUTO_INCREMENT=8 DEFAULT CHARSET=latin1;

-- Dumping data for table accountmaster.cashpayment: ~7 rows (approximately)
/*!40000 ALTER TABLE `cashpayment` DISABLE KEYS */;
INSERT INTO `cashpayment` (`sno`, `entrydate`, `voucherno`, `creditaccount`, `creditamount`, `debitaccount`, `debitamount`, `chequeno`, `narration`, `division`) VALUES
	(1, '2020-01-17', 'CV/DEL/SE/2', 'cash airportoffice', '1100', '14% RCM CGST RECD A/C', '1100', '', '', 'Export Sea'),
	(2, '2020-01-30', 'CV/DEL/SE/4', 'cash airportoffice', '555', 'AMS GLOBAL LINE(CR)', '222', '', '', 'Export Sea'),
	(3, '2020-01-30', 'CV/DEL/SE/4', 'cash airportoffice', '555', 'AMS GLOBAL LINE(CR)', '222', '', '', 'Export Sea'),
	(4, '2020-01-02', 'CV/DEL/SE/5', 'cash', '111', 'AJS LOGISTICS P LTD-CR', '111', '', '', 'Export Sea'),
	(5, '2020-01-25', 'CV/DEL/SE/7', 'cash airportoffice', '800', 'AGS WORLD TRANSPORT (I) PVT LTD -CR', '500', '', '', 'Export Sea'),
	(6, '2020-01-25', 'CV/DEL/SE/7', 'cash airportoffice', '800', 'AGS WORLD TRANSPORT (I) PVT LTD -CR', '500', '', '', 'Export Sea'),
	(7, '2020-01-17', 'CV/DEL/SE/8', 'cash airportoffice', '50', 'A.HARTRODT INDIA PVT LTD -CR', '50', '', '', 'Export Sea');
/*!40000 ALTER TABLE `cashpayment` ENABLE KEYS */;

-- Dumping structure for table accountmaster.cashpaymentno
DROP TABLE IF EXISTS `cashpaymentno`;
CREATE TABLE IF NOT EXISTS `cashpaymentno` (
  `sno` int(11) NOT NULL,
  `branch` varchar(40) NOT NULL,
  `division` varchar(40) NOT NULL,
  `voucherno` varchar(40) NOT NULL,
  PRIMARY KEY (`sno`)
) ENGINE=InnoDB DEFAULT CHARSET=latin1;

-- Dumping data for table accountmaster.cashpaymentno: ~20 rows (approximately)
/*!40000 ALTER TABLE `cashpaymentno` DISABLE KEYS */;
INSERT INTO `cashpaymentno` (`sno`, `branch`, `division`, `voucherno`) VALUES
	(1, 'Haryana', 'Export Sea', '1'),
	(2, 'Haryana', 'Import Sea', '1'),
	(3, 'Haryana', 'Export Air', '1'),
	(4, 'Haryana', 'Import Air', '1'),
	(5, 'Ludhiana', 'Export Sea', '1'),
	(6, 'Ludhiana', 'Import Sea', '1'),
	(7, 'Ludhiana', 'Export Air', '1'),
	(8, 'Ludhiana', 'Import Air', '1'),
	(9, 'Mumbai', 'Export Sea', '1'),
	(10, 'Mumbai', 'Import Sea', '1'),
	(11, 'Mumbai', 'Export Air', '1'),
	(12, 'Mumbai', 'Import Air', '1'),
	(13, 'New Delhi', 'Export Sea', '8'),
	(14, 'New Delhi', 'Import Sea', '1'),
	(15, 'New Delhi', 'Export Air', '1'),
	(16, 'New Delhi', 'Import Air', '1'),
	(17, 'Uttar pradesh', 'Export Sea', '1'),
	(18, 'Uttar pradesh', 'Import Sea', '1'),
	(19, 'Uttar pradesh', 'Export Air', '1'),
	(20, 'Uttar pradesh', 'Import Air', '1');
/*!40000 ALTER TABLE `cashpaymentno` ENABLE KEYS */;

-- Dumping structure for table accountmaster.cashreceipt
DROP TABLE IF EXISTS `cashreceipt`;
CREATE TABLE IF NOT EXISTS `cashreceipt` (
  `sno` int(11) NOT NULL AUTO_INCREMENT,
  `entrydate` date NOT NULL,
  `voucherno` varchar(40) NOT NULL,
  `creditaccount` varchar(40) NOT NULL,
  `creditamount` varchar(40) NOT NULL,
  `debitaccount` varchar(40) NOT NULL,
  `debitamount` varchar(40) NOT NULL,
  `chequeno` varchar(40) NOT NULL,
  `narration` varchar(40) NOT NULL,
  `division` varchar(40) NOT NULL,
  PRIMARY KEY (`sno`)
) ENGINE=InnoDB AUTO_INCREMENT=4 DEFAULT CHARSET=latin1;

-- Dumping data for table accountmaster.cashreceipt: ~3 rows (approximately)
/*!40000 ALTER TABLE `cashreceipt` DISABLE KEYS */;
INSERT INTO `cashreceipt` (`sno`, `entrydate`, `voucherno`, `creditaccount`, `creditamount`, `debitaccount`, `debitamount`, `chequeno`, `narration`, `division`) VALUES
	(1, '2019-10-09', 'CV/DEL/SE/1', 'AIR DIV.(AMRIT SEAIR EXP.P.LTD.)', '1200', 'cash airportoffice', '100', '', '', 'Export Sea'),
	(2, '2020-01-10', 'CV/DEL/SE/2', '14% RCM CGST RECD A/C', '600', 'cash', '600', '   ', '', 'Export Sea'),
	(3, '2020-01-16', 'CV/DEL/SE/3', 'APG LOGISTICS PVT LTD-CR', '200', 'cash airportoffice', '200', '', '', 'Export Sea');
/*!40000 ALTER TABLE `cashreceipt` ENABLE KEYS */;

-- Dumping structure for table accountmaster.cashreceiptno
DROP TABLE IF EXISTS `cashreceiptno`;
CREATE TABLE IF NOT EXISTS `cashreceiptno` (
  `sno` int(11) NOT NULL,
  `branch` varchar(40) NOT NULL,
  `division` varchar(40) NOT NULL,
  `voucherno` varchar(40) NOT NULL,
  PRIMARY KEY (`sno`)
) ENGINE=InnoDB DEFAULT CHARSET=latin1;

-- Dumping data for table accountmaster.cashreceiptno: ~20 rows (approximately)
/*!40000 ALTER TABLE `cashreceiptno` DISABLE KEYS */;
INSERT INTO `cashreceiptno` (`sno`, `branch`, `division`, `voucherno`) VALUES
	(1, 'Haryana', 'Export Sea', '1'),
	(2, 'Haryana', 'Import Sea', '1'),
	(3, 'Haryana', 'Export Air', '1'),
	(4, 'Haryana', 'Import Air', '1'),
	(5, 'Ludhiana', 'Export Sea', '1'),
	(6, 'Ludhiana', 'Import Sea', '1'),
	(7, 'Ludhiana', 'Export Air', '1'),
	(8, 'Ludhiana', 'Import Air', '1'),
	(9, 'Mumbai', 'Export Sea', '1'),
	(10, 'Mumbai', 'Import Sea', '1'),
	(11, 'Mumbai', 'Export Air', '1'),
	(12, 'Mumbai', 'Import Air', '1'),
	(13, 'New Delhi', 'Export Sea', '4'),
	(14, 'New Delhi', 'Import Sea', '1'),
	(15, 'New Delhi', 'Export Air', '1'),
	(16, 'New Delhi', 'Import Air', '1'),
	(17, 'Uttar pradesh', 'Export Sea', '1'),
	(18, 'Uttar pradesh', 'Import Sea', '1'),
	(19, 'Uttar pradesh', 'Export Air', '1'),
	(20, 'Uttar pradesh', 'Import Air', '1');
/*!40000 ALTER TABLE `cashreceiptno` ENABLE KEYS */;

-- Dumping structure for table accountmaster.chequebookdetails
DROP TABLE IF EXISTS `chequebookdetails`;
CREATE TABLE IF NOT EXISTS `chequebookdetails` (
  `sno` int(11) NOT NULL AUTO_INCREMENT,
  `bankaccount` varchar(50) NOT NULL,
  `partyname` varchar(40) NOT NULL,
  `payto` varchar(40) NOT NULL,
  `issuedate` date NOT NULL,
  `chequeno` varchar(40) NOT NULL,
  `amount` varchar(40) NOT NULL,
  `status` varchar(40) NOT NULL,
  PRIMARY KEY (`sno`)
) ENGINE=InnoDB AUTO_INCREMENT=7 DEFAULT CHARSET=latin1;

-- Dumping data for table accountmaster.chequebookdetails: ~6 rows (approximately)
/*!40000 ALTER TABLE `chequebookdetails` DISABLE KEYS */;
INSERT INTO `chequebookdetails` (`sno`, `bankaccount`, `partyname`, `payto`, `issuedate`, `chequeno`, `amount`, `status`) VALUES
	(1, 'Yes Bank', 'safmarine', '', '2019-10-02', '010', '10000', 'Issued'),
	(2, 'Yes Bank', 'hapag', '', '2019-10-03', '011', '12000', 'Issued'),
	(3, 'Yes Bank', 'cma', '', '2019-10-03', '0123', '10987', 'Issued'),
	(4, 'ICICI BANK A/c No. 347405000647 - AIR', 'Associated Container Line-Cr', '', '2020-01-16', 'pk340', '10', 'Issued'),
	(5, 'Indian Overseas Bank', 'Alianca Logistics Pvt Ltd-cr', '', '2020-01-09', 'aa12', '90', 'Issued'),
	(6, 'IDBI BANK 075102000009225', 'CARGOSOL SHIPPING AGENCIES (P) LTD.', '', '2020-01-02', 'bb5', '90', 'Issued');
/*!40000 ALTER TABLE `chequebookdetails` ENABLE KEYS */;

-- Dumping structure for table accountmaster.daybook
DROP TABLE IF EXISTS `daybook`;
CREATE TABLE IF NOT EXISTS `daybook` (
  `sno` int(11) NOT NULL AUTO_INCREMENT,
  `entrydate` date NOT NULL,
  `debitaccount` varchar(50) NOT NULL,
  `creditaccount` varchar(50) NOT NULL,
  `amount` float(11,3) NOT NULL,
  `narration` varchar(50) NOT NULL,
  PRIMARY KEY (`sno`)
) ENGINE=InnoDB AUTO_INCREMENT=37 DEFAULT CHARSET=latin1;

-- Dumping data for table accountmaster.daybook: ~32 rows (approximately)
/*!40000 ALTER TABLE `daybook` DISABLE KEYS */;
INSERT INTO `daybook` (`sno`, `entrydate`, `debitaccount`, `creditaccount`, `amount`, `narration`) VALUES
	(1, '2020-01-23', 'Cash-in-hand', 'ALL CARGO LOGISTICS LTD-CR', 5000.000, 'kk fgfg'),
	(2, '2020-01-14', 'Zim Integrated Shipping Services (I) Pvt. Ltd.(Cr)', 'Cash-in-hand', 80.000, 'lo'),
	(3, '2020-01-02', 'BSS Taxable Paid A/c', 'AAKYU SHIPPING & FORWARDING', 11.000, 'see'),
	(4, '2020-01-09', 'BSS Taxable Paid A/c', 'NEPCON SHIPPING LLC.', 18.000, 'aaq'),
	(5, '2020-01-09', 'BSS Taxable Paid A/c', 'NEPCON SHIPPING LLC.', 18.000, 'aaqTV/DEL/SE/1ggh6'),
	(6, '2020-01-09', 'BSS Taxable Paid A/c', 'NEPCON SHIPPING LLC.', 18.000, 'aaq;TV/DEL/SE/1;ggh6'),
	(7, '2020-01-09', 'BSS Taxable Paid A/c', 'NEPCON SHIPPING LLC.', 18.000, 'aaq;TV/DEL/SE/1;ggh6'),
	(8, '2020-01-09', 'CGST PAID A/C', 'NEPCON SHIPPING LLC.', 1.620, 'aaq;TV/DEL/SE/1;ggh6'),
	(9, '2020-01-09', 'SGST PAID A/C', 'NEPCON SHIPPING LLC.', 1.620, 'aaq;TV/DEL/SE/1;ggh6'),
	(10, '2020-01-09', 'IGST PAID A/C', 'NEPCON SHIPPING LLC.', 0.000, 'aaq;TV/DEL/SE/1;ggh6'),
	(11, '2020-01-02', 'BSS Taxable Paid A/c', 'AAKYU SHIPPING & FORWARDING', 123.000, 'aaq;TV/DEL/SE/3;556'),
	(12, '2020-01-02', 'CGST PAID A/C', 'AAKYU SHIPPING & FORWARDING', 11.070, 'aaq;TV/DEL/SE/3;556'),
	(13, '2020-01-02', 'SGST PAID A/C', 'AAKYU SHIPPING & FORWARDING', 11.070, 'aaq;TV/DEL/SE/3;556'),
	(15, '2020-01-02', 'BSS Taxable Paid A/c', 'AAKYU SHIPPING & FORWARDING', 123.000, 'tty6;TV/DEL/SE/3;556'),
	(16, '2020-01-02', 'CGST PAID A/C', 'AAKYU SHIPPING & FORWARDING', 11.070, 'tty6;TV/DEL/SE/3;556'),
	(17, '2020-01-02', 'SGST PAID A/C', 'AAKYU SHIPPING & FORWARDING', 11.070, 'tty6;TV/DEL/SE/3;556'),
	(18, '2020-01-02', 'IGST PAID A/C', 'AAKYU SHIPPING & FORWARDING', 0.000, 'tty6;TV/DEL/SE/3;556'),
	(20, '2020-01-29', 'cash', 'Awb Fee Account', 200.000, 'aas2'),
	(21, '2020-01-16', 'GATEWAY RAIL FREIGHT LTD (CR)', 'cash', 222.000, 'sse'),
	(22, '2020-01-23', 'Maritime Serives Pvt. Ltd.(Cr)', 'Asian Seaway Pvt. Ltd(CR)', 34.000, ''),
	(23, '2020-01-16', 'YES BANK', 'YUSEN LOGISTICS INDIA LTD-CR', 111.000, ''),
	(24, '2020-01-18', 'Zim World Freight Pvt. Ltd.-CR', 'ZUST AND BACHMEIER SA- SWITZERLAND', 11.000, 'a22'),
	(25, '2020-01-30', 'Wsa Lines (Delhi) Pvt. Ltd. (Cr)', 'Wsa Lines (Bombay) Pvt. Ltd. (Cr)', 121.000, 'aswdw'),
	(26, '2020-01-16', '14% RCM CGST RECD A/C', '14% RCM CGST PAID A/C', 24.000, 'tty'),
	(27, '2020-01-09', '14% RCM CGST PAID A/C', '14% RCM CGST RECD A/C', 333.000, ''),
	(28, '2020-01-22', 'BSS Taxable Paid A/c', 'MAGNETICS LOGISTICS PVT. LTD (CR)', 2200.000, 'mm1;TV/HR/SE/1;hpg-0294'),
	(29, '2020-01-22', 'CGST PAID A/C', 'MAGNETICS LOGISTICS PVT. LTD (CR)', 198.000, 'mm1;TV/HR/SE/1;hpg-0294'),
	(30, '2020-01-22', 'SGST PAID A/C', 'MAGNETICS LOGISTICS PVT. LTD (CR)', 198.000, 'mm1;TV/HR/SE/1;hpg-0294'),
	(31, '2020-01-22', 'IGST PAID A/C', 'MAGNETICS LOGISTICS PVT. LTD (CR)', 0.000, 'mm1;TV/HR/SE/1;hpg-0294'),
	(32, '2020-01-22', 'BSS Taxable Paid A/c', 'MAGNETICS LOGISTICS PVT. LTD (CR)', 1200.000, ';TV/HR/SE/1;hpg-0294'),
	(33, '2020-01-22', 'CGST PAID A/C', 'MAGNETICS LOGISTICS PVT. LTD (CR)', 108.000, ';TV/HR/SE/1;hpg-0294'),
	(34, '2020-01-22', 'SGST PAID A/C', 'MAGNETICS LOGISTICS PVT. LTD (CR)', 108.000, ';TV/HR/SE/1;hpg-0294'),
	(35, '2020-01-22', 'IGST PAID A/C', 'MAGNETICS LOGISTICS PVT. LTD (CR)', 0.000, ';TV/HR/SE/1;hpg-0294'),
	(36, '2020-01-10', 'AGS WORLD TRANSPORT (I) PVT LTD -CR', 'Business Support Services Taxable Recd A/C', 600.000, 'ssadsw;TV/DEL/SE/2;loo1');
/*!40000 ALTER TABLE `daybook` ENABLE KEYS */;

-- Dumping structure for table accountmaster.gstcharge
DROP TABLE IF EXISTS `gstcharge`;
CREATE TABLE IF NOT EXISTS `gstcharge` (
  `sno` int(11) NOT NULL AUTO_INCREMENT,
  `chargename` varchar(50) NOT NULL,
  `chargetype` varchar(50) NOT NULL,
  `sac` varchar(50) NOT NULL,
  `gstrate` varchar(50) NOT NULL,
  `incomehead` varchar(50) NOT NULL,
  `expensehead` varchar(50) NOT NULL,
  `cgsthead` varchar(50) NOT NULL,
  `cgstincomehead` varchar(50) NOT NULL,
  `sgsthead` varchar(50) NOT NULL,
  `sgstincomehead` varchar(50) NOT NULL,
  `igsthead` varchar(50) NOT NULL,
  `igstincomehead` varchar(50) NOT NULL,
  PRIMARY KEY (`sno`)
) ENGINE=InnoDB AUTO_INCREMENT=247 DEFAULT CHARSET=utf8mb4;

-- Dumping data for table accountmaster.gstcharge: ~246 rows (approximately)
/*!40000 ALTER TABLE `gstcharge` DISABLE KEYS */;
INSERT INTO `gstcharge` (`sno`, `chargename`, `chargetype`, `sac`, `gstrate`, `incomehead`, `expensehead`, `cgsthead`, `cgstincomehead`, `sgsthead`, `sgstincomehead`, `igsthead`, `igstincomehead`) VALUES
	(1, 'agencycharges', 'Taxable', '996712', '18', 'Business Support Services Taxable Recd A/C', 'BSS Taxable Paid A/c', 'CGST PAID A/C', 'CGST RECD A/C', 'SGST PAID A/C', 'SGST RECEIVED A/C', 'IGST PAID A/C', 'IGST RECD A/C'),
	(2, 'acd charges', 'Taxable', '996711', '18', 'Business Support Services Taxable Recd A/C', 'BSS Taxable Paid A/c', 'CGST PAID A/C', 'CGST RECD A/C', 'SGST PAID A/C', 'SGST RECEIVED A/C', 'IGST PAID A/C', 'IGST RECD A/C'),
	(3, 'carting charges', 'Taxable', '996719', '18', 'Business Support Services Taxable Recd A/C', 'BSS Taxable Paid A/c', 'CGST PAID A/C', 'CGST RECD A/C', 'SGST PAID A/C', 'SGST RECEIVED A/C', 'IGST PAID A/C', 'IGST RECD A/C'),
	(4, 'A.D. Code Charges', 'Taxable', '996719', '18', 'Business Support Services Taxable Recd A/C', 'BSS Taxable Paid A/c', 'CGST PAID A/C', 'CGST RECD A/C', 'SGST PAID A/C', 'SGST RECEIVED A/C', 'IGST PAID A/C', 'IGST RECD A/C'),
	(5, 'ADC NOC CHARGES', 'Taxable', '996719', '18', 'Business Support Services Taxable Recd A/C', 'BSS Taxable Paid A/c', 'CGST PAID A/C', 'CGST RECD A/C', 'SGST PAID A/C', 'SGST RECEIVED A/C', 'IGST PAID A/C', 'IGST RECD A/C'),
	(6, 'ADEN GULF SCURCHARGE', 'Taxable', '996521', '5', 'OCEAN FREIGHT-PP RECEIVED A/C', 'OCEAN FREIGHT-PREPAID PAID A/C', 'CGST PAID A/C', 'CGST RECD A/C', 'SGST PAID A/C', 'SGST RECEIVED A/C', 'IGST PAID A/C', 'IGST RECD A/C'),
	(7, 'Advance Licence Charges', 'Taxable', '996719', '18', 'Business Support Services Taxable Recd A/C', 'BSS Taxable Paid A/c', 'CGST PAID A/C', 'CGST RECD A/C', 'SGST PAID A/C', 'SGST RECEIVED A/C', 'IGST PAID A/C', 'IGST RECD A/C'),
	(8, 'AEPC Certificate Charges', 'Taxable', '996719', '18', 'Business Support Services Taxable Recd A/C', 'BSS Taxable Paid A/c', 'CGST PAID A/C', 'CGST RECD A/C', 'SGST PAID A/C', 'SGST RECEIVED A/C', 'IGST PAID A/C', 'IGST RECD A/C'),
	(9, 'AGENCY CHARGES(AIR)', 'Taxable', '996712', '18', 'Service Charges Received A/c', 'CUSTOM CLERANCE EXPENSES', 'CGST PAID A/C', 'CGST RECD A/C', 'SGST PAID A/C', 'SGST RECEIVED A/C', 'IGST PAID A/C', 'IGST RECD A/C'),
	(10, 'AIRLINE CHARGES', 'Taxable', '', '0', 'Business Support Services Taxable Recd A/C', 'Business Support Services Taxable Recd A/C', '', '', '', '', '', ''),
	(11, 'AIRLINE DELIVERY CHG.(AIR', 'Taxable', '', '0', 'Business Support Services Taxable Recd A/C', 'Business Support Services Taxable Recd A/C', '', '', '', '', '', ''),
	(12, 'AIRPORT TERMINAL CHG.', 'Taxable', '', '0', 'Business Support Services Taxable Recd A/C', 'Business Support Services Taxable Recd A/C', '', '', '', '', '', ''),
	(13, 'Amendment charges', 'Taxable', '996719', '18', 'Business Support Services Taxable Recd A/C', 'BSS Taxable Paid A/c', 'CGST PAID A/C', 'CGST RECD A/C', 'SGST PAID A/C', 'SGST RECEIVED A/C', 'IGST PAID A/C', 'IGST RECD A/C'),
	(14, 'B/L charges', 'Taxable', '996719', '18', 'Business Support Services Taxable Recd A/C', 'BSS Taxable Paid A/c', 'CGST PAID A/C', 'CGST RECD A/C', 'SGST PAID A/C', 'SGST RECEIVED A/C', 'IGST PAID A/C', 'IGST RECD A/C'),
	(15, 'BACK TO TOWN CHARGES', 'Taxable', '996719', '18', 'Business Support Services Taxable Recd A/C', 'BSS Taxable Paid A/c', 'CGST PAID A/C', 'CGST RECD A/C', 'SGST PAID A/C', 'SGST RECEIVED A/C', 'IGST PAID A/C', 'IGST RECD A/C'),
	(16, 'BAF CHARGES', 'Taxable', '996521', '5', 'OCEAN FREIGHT-PP RECEIVED A/C', 'OCEAN FREIGHT-PREPAID PAID A/C', 'CGST PAID A/C', 'CGST RECD A/C', 'SGST PAID A/C', 'SGST RECEIVED A/C', 'IGST PAID A/C', 'IGST RECD A/C'),
	(17, 'BL Surrender Fees', 'Taxable', '996719', '18', 'Business Support Services Taxable Recd A/C', 'BSS Taxable Paid A/c', 'CGST PAID A/C', 'CGST RECD A/C', 'SGST PAID A/C', 'SGST RECEIVED A/C', 'IGST PAID A/C', 'IGST RECD A/C'),
	(18, 'BLCharge', 'Taxable', '', '0', 'HIGH SEA SHIPPING-Cr.', 'HIGH SEA SHIPPING-Cr.', '', '', '', '', '', ''),
	(19, 'BOND REGISTRATION CHARGES', 'Taxable', '996719', '18', 'Business Support Services Taxable Recd A/C', 'BSS Taxable Paid A/c', 'CGST PAID A/C', 'CGST RECD A/C', 'SGST PAID A/C', 'SGST RECEIVED A/C', 'IGST PAID A/C', 'IGST RECD A/C'),
	(20, 'Brokerage', 'Taxable', '996759', '18', 'Brokerage Income A/C', 'BROKERAGE/REFUNDS PAID A/C', 'CGST PAID A/C', 'CGST RECD A/C', 'SGST PAID A/C', 'SGST RECEIVED A/C', 'IGST PAID A/C', 'IGST RECD A/C'),
	(21, 'BROKERAGE', 'Taxable', '999799', '18', 'Brokerage Income A/C', 'BROKERAGE/REFUNDS PAID A/C', 'CGST PAID A/C', 'CGST RECD A/C', 'SGST PAID A/C', 'SGST RECEIVED A/C', 'IGST PAID A/C', 'IGST RECD A/C'),
	(22, 'Brokerage', 'Taxable', '999799', '18', 'Brokerage Income A/C', 'BROKERAGE/REFUNDS PAID A/C', 'CGST PAID A/C', 'CGST RECD A/C', 'SGST PAID A/C', 'SGST RECEIVED A/C', 'IGST PAID A/C', 'IGST RECD A/C'),
	(23, 'Brokerage Refund', 'Taxable', '', '0', '', '', '', '', '', '', '', ''),
	(24, 'C.O.HANDLING CHARGES', 'Taxable', '996719', '18', 'Business Support Services Taxable Recd A/C', 'BSS Taxable Paid A/c', 'CGST PAID A/C', 'CGST RECD A/C', 'SGST PAID A/C', 'SGST RECEIVED A/C', 'IGST PAID A/C', 'IGST RECD A/C'),
	(25, 'CAF Charges', 'Taxable', '996521', '5', 'OCEAN FREIGHT-PP RECEIVED A/C', 'OCEAN FREIGHT-PREPAID PAID A/C', 'CGST PAID A/C', 'CGST RECD A/C', 'SGST PAID A/C', 'SGST RECEIVED A/C', 'IGST PAID A/C', 'IGST RECD A/C'),
	(26, 'Cancellation Charges', 'Taxable', '996719', '18', 'Business Support Services Taxable Recd A/C', 'BSS Taxable Paid A/c', 'CGST PAID A/C', 'CGST RECD A/C', 'SGST PAID A/C', 'SGST RECEIVED A/C', 'IGST PAID A/C', 'IGST RECD A/C'),
	(27, 'CARGO STORAGE CHARGES', 'Taxable', '996711', '18', 'Business Support Services Taxable Recd A/C', 'BSS Taxable Paid A/c', 'CGST PAID A/C', 'CGST RECD A/C', 'SGST PAID A/C', 'SGST RECEIVED A/C', 'IGST PAID A/C', 'IGST RECD A/C'),
	(28, 'CARRIER SECURITY CHARGES', 'Taxable', '996711', '18', 'Business Support Services Taxable Recd A/C', 'BSS Taxable Paid A/c', 'CGST PAID A/C', 'CGST RECD A/C', 'SGST PAID A/C', 'SGST RECEIVED A/C', 'IGST PAID A/C', 'IGST RECD A/C'),
	(29, 'CC FEES(AIR)', 'Taxable', '', '0', 'Business Support Services Taxable Recd A/C', 'Business Support Services Taxable Recd A/C', '', '', '', '', '', ''),
	(30, 'CC OCEAN FREIGHT', 'Taxable', '996521', '0', 'OCEAN FREIGHT-CC RECEIVED A/C', 'Ocean Freight- Collect Paid A/C', 'CGST PAID A/C', 'CGST RECD A/C', 'SGST PAID A/C', 'SGST RECEIVED A/C', 'IGST PAID A/C', 'IGST RECD A/C'),
	(31, 'CERTIFICATE CHARGES', 'Taxable', '996719', '18', 'Business Support Services Taxable Recd A/C', 'BSS Taxable Paid A/c', 'CGST PAID A/C', 'CGST RECD A/C', 'SGST PAID A/C', 'SGST RECEIVED A/C', 'IGST PAID A/C', 'IGST RECD A/C'),
	(32, 'CFS Charges', 'Taxable', '996711', '18', 'Business Support Services Taxable Recd A/C', 'BSS Taxable Paid A/c', 'CGST PAID A/C', 'CGST RECD A/C', 'SGST PAID A/C', 'SGST RECEIVED A/C', 'IGST PAID A/C', 'IGST RECD A/C'),
	(33, 'CFS/THC FOOD GRAIN', 'Taxable', '996719', '0', 'BSS RECD (FOODGRAIN)', 'BSS PAID (FOODGRAIN)', 'CGST PAID A/C', 'CGST RECD A/C', 'SGST PAID A/C', 'SGST RECEIVED A/C', 'IGST PAID A/C', 'IGST RECD A/C'),
	(34, 'CHARGES:(AIR)', 'Taxable', '', '0', 'Business Support Services Taxable Recd A/C', 'Business Support Services Taxable Recd A/C', '', '', '', '', '', ''),
	(35, 'Chg:-', 'Taxable', '', '0', 'Business Support Services Taxable Recd A/C', 'Business Support Services Taxable Recd A/C', '', '', '', '', '', ''),
	(36, 'Cleaning Charges', 'Taxable', '996719', '18', 'Business Support Services Taxable Recd A/C', 'BSS Taxable Paid A/c', 'CGST PAID A/C', 'CGST RECD A/C', 'SGST PAID A/C', 'SGST RECEIVED A/C', 'IGST PAID A/C', 'IGST RECD A/C'),
	(37, 'CMA CGM CHARGES', 'Taxable', '996719', '18', 'Business Support Services Taxable Recd A/C', 'BSS Taxable Paid A/c', 'CGST PAID A/C', 'CGST RECD A/C', 'SGST PAID A/C', 'SGST RECEIVED A/C', 'IGST PAID A/C', 'IGST RECD A/C'),
	(38, 'CMC Charges', 'Taxable', '996719', '18', 'Business Support Services Taxable Recd A/C', 'BSS Taxable Paid A/c', 'CGST PAID A/C', 'CGST RECD A/C', 'SGST PAID A/C', 'SGST RECEIVED A/C', 'IGST PAID A/C', 'IGST RECD A/C'),
	(39, 'CMC CHARGES(AIR)', 'Taxable', '', '0', 'Business Support Services Taxable Recd A/C', 'Business Support Services Taxable Recd A/C', '', '', '', '', '', ''),
	(40, 'CO-ORDINATION CHARGES', 'Taxable', '996719', '18', 'Business Support Services Taxable Recd A/C', 'BSS Taxable Paid A/c', 'CGST PAID A/C', 'CGST RECD A/C', 'SGST PAID A/C', 'SGST RECEIVED A/C', 'IGST PAID A/C', 'IGST RECD A/C'),
	(41, 'COC Certification', 'Taxable', '996719', '18', 'Business Support Services Taxable Recd A/C', 'Custom Clearance Exp. Non Taxable Paid', 'CGST PAID A/C', 'CGST RECD A/C', 'SGST PAID A/C', 'SGST RECEIVED A/C', 'IGST PAID A/C', 'IGST RECD A/C'),
	(42, 'COLLECTION CHG (AIR)', 'Taxable', '', '0', 'Business Support Services Taxable Recd A/C', 'Business Support Services Taxable Recd A/C', '', '', '', '', '', ''),
	(43, 'Communication Charges', 'Taxable', '996719', '18', 'Business Support Services Taxable Recd A/C', 'BSS Taxable Paid A/c', 'CGST PAID A/C', 'CGST RECD A/C', 'SGST PAID A/C', 'SGST RECEIVED A/C', 'IGST PAID A/C', 'IGST RECD A/C'),
	(44, 'Concor Charges', 'Taxable', '', '0', 'Business Support Services Taxable Recd A/C', 'Business Support Services Taxable Recd A/C', '', '', '', '', '', ''),
	(45, 'Consolidation Charges', 'Taxable', '996719', '18', 'Business Support Services Taxable Recd A/C', 'BSS Taxable Paid A/c', 'CGST PAID A/C', 'CGST RECD A/C', 'SGST PAID A/C', 'SGST RECEIVED A/C', 'IGST PAID A/C', 'IGST RECD A/C'),
	(46, 'CONSOLIDATION CHG.(AIR)', 'Taxable', '', '0', 'Business Support Services Taxable Recd A/C', 'Business Support Services Taxable Recd A/C', '', '', '', '', '', ''),
	(47, 'CONT. SHIFFTING CHG.', 'Taxable', '996719', '18', 'Business Support Services Taxable Recd A/C', 'BSS Taxable Paid A/c', 'CGST PAID A/C', 'CGST RECD A/C', 'SGST PAID A/C', 'SGST RECEIVED A/C', 'IGST PAID A/C', 'IGST RECD A/C'),
	(48, 'conveyance charges', 'Taxable', '996719', '18', 'Business Support Services Taxable Recd A/C', 'BSS Taxable Paid A/c', 'CGST PAID A/C', 'CGST RECD A/C', 'SGST PAID A/C', 'SGST RECEIVED A/C', 'IGST PAID A/C', 'IGST RECD A/C'),
	(49, 'Courier Charges', 'Taxable', '996719', '18', 'Business Support Services Taxable Recd A/C', 'BSS Taxable Paid A/c', 'CGST PAID A/C', 'CGST RECD A/C', 'SGST PAID A/C', 'SGST RECEIVED A/C', 'IGST PAID A/C', 'IGST RECD A/C'),
	(50, 'Courier/E.P. Copy Charges', 'Taxable', '996719', '18', 'Business Support Services Taxable Recd A/C', 'BSS Taxable Paid A/c', 'CGST PAID A/C', 'CGST RECD A/C', 'SGST PAID A/C', 'SGST RECEIVED A/C', 'IGST PAID A/C', 'IGST RECD A/C'),
	(51, 'Crane Charges', 'Taxable', '996719', '18', 'Business Support Services Taxable Recd A/C', 'BSS Taxable Paid A/c', 'CGST PAID A/C', 'CGST RECD A/C', 'SGST PAID A/C', 'SGST RECEIVED A/C', 'IGST PAID A/C', 'IGST RECD A/C'),
	(52, 'Custom Clearance Charges', 'Taxable', '996712', '18', 'Service Charges Received A/c', 'CUSTOM CLERANCE EXPENSES', 'CGST PAID A/C', 'CGST RECD A/C', 'SGST PAID A/C', 'SGST RECEIVED A/C', 'IGST PAID A/C', 'IGST RECD A/C'),
	(53, 'CUSTOM CLEARANCE CHG.(AIR', 'Taxable', '', '0', 'Service Charges Received A/c', 'Service Charges Received A/c', '', '', '', '', '', ''),
	(54, 'CUSTOM INSPECTION CHG.', 'Taxable', '996719', '18', 'Business Support Services Taxable Recd A/C', 'BSS Taxable Paid A/c', 'CGST PAID A/C', 'CGST RECD A/C', 'SGST PAID A/C', 'SGST RECEIVED A/C', 'IGST PAID A/C', 'IGST RECD A/C'),
	(55, 'CWC Charges', 'Taxable', '996719', '18', 'Business Support Services Taxable Recd A/C', 'BSS Taxable Paid A/c', 'CGST PAID A/C', 'CGST RECD A/C', 'SGST PAID A/C', 'SGST RECEIVED A/C', 'IGST PAID A/C', 'IGST RECD A/C'),
	(56, 'D.O. Charges', 'Taxable', '996719', '18', 'Business Support Services Taxable Recd A/C', 'BSS Taxable Paid A/c', 'CGST PAID A/C', 'CGST RECD A/C', 'SGST PAID A/C', 'SGST RECEIVED A/C', 'IGST PAID A/C', 'IGST RECD A/C'),
	(57, 'DAD', 'Taxable', '996711', '18', 'Business Support Services Taxable Recd A/C', 'BSS Taxable Paid A/c', 'CGST PAID A/C', 'CGST RECD A/C', 'SGST PAID A/C', 'SGST RECEIVED A/C', 'IGST PAID A/C', 'IGST RECD A/C'),
	(58, 'DDC Charges', 'Taxable', '996711', '18', 'Business Support Services Taxable Recd A/C', 'BSS Taxable Paid A/c', 'CGST PAID A/C', 'CGST RECD A/C', 'SGST PAID A/C', 'SGST RECEIVED A/C', 'IGST PAID A/C', 'IGST RECD A/C'),
	(59, 'Deconsolidation Charges', 'Taxable', '996719', '18', 'Business Support Services Taxable Recd A/C', 'BSS Taxable Paid A/c', 'CGST PAID A/C', 'CGST RECD A/C', 'SGST PAID A/C', 'SGST RECEIVED A/C', 'IGST PAID A/C', 'IGST RECD A/C'),
	(60, 'DEEC Registration Charges', 'Taxable', '996719', '18', 'Business Support Services Taxable Recd A/C', 'BSS Taxable Paid A/c', 'CGST PAID A/C', 'CGST RECD A/C', 'SGST PAID A/C', 'SGST RECEIVED A/C', 'IGST PAID A/C', 'IGST RECD A/C'),
	(61, 'Delivery Order ChG.(AIR)', 'Taxable', '', '0', 'Business Support Services Taxable Recd A/C', 'Business Support Services Taxable Recd A/C', '', '', '', '', '', ''),
	(62, 'Demmurage Charges', 'Taxable', '996719', '18', 'Business Support Services Taxable Recd A/C', 'BSS Taxable Paid A/c', 'CGST PAID A/C', 'CGST RECD A/C', 'SGST PAID A/C', 'SGST RECEIVED A/C', 'IGST PAID A/C', 'IGST RECD A/C'),
	(63, 'DEPB Charges', 'Taxable', '996719', '18', 'Business Support Services Taxable Recd A/C', 'BSS Taxable Paid A/c', 'CGST PAID A/C', 'CGST RECD A/C', 'SGST PAID A/C', 'SGST RECEIVED A/C', 'IGST PAID A/C', 'IGST RECD A/C'),
	(64, 'Destination THC Charges', 'Taxable', '996711', '18', 'Business Support Services Taxable Recd A/C', 'BSS Taxable Paid A/c', 'CGST PAID A/C', 'CGST RECD A/C', 'SGST PAID A/C', 'SGST RECEIVED A/C', 'IGST PAID A/C', 'IGST RECD A/C'),
	(65, 'Destuffing Charges', 'Taxable', '996719', '18', 'Business Support Services Taxable Recd A/C', 'BSS Taxable Paid A/c', 'CGST PAID A/C', 'CGST RECD A/C', 'SGST PAID A/C', 'SGST RECEIVED A/C', 'IGST PAID A/C', 'IGST RECD A/C'),
	(66, 'DGM Filling charges', 'Taxable', '996719', '18', 'Business Support Services Taxable Recd A/C', 'BSS Taxable Paid A/c', 'CGST PAID A/C', 'CGST RECD A/C', 'SGST PAID A/C', 'SGST RECEIVED A/C', 'IGST PAID A/C', 'IGST RECD A/C'),
	(67, 'Documentation Charges', 'Taxable', '996719', '18', 'Business Support Services Taxable Recd A/C', 'BSS Taxable Paid A/c', 'CGST PAID A/C', 'CGST RECD A/C', 'SGST PAID A/C', 'SGST RECEIVED A/C', 'IGST PAID A/C', 'IGST RECD A/C'),
	(68, 'DOCUMENTATION CHG.(AIR)', 'Taxable', '', '0', 'Business Support Services Taxable Recd A/C', 'Business Support Services Taxable Recd A/C', '', '', '', '', '', ''),
	(69, 'DOCUMENTS TURN OVER CHG.', 'Taxable', '996719', '18', 'Business Support Services Taxable Recd A/C', 'BSS Taxable Paid A/c', 'CGST PAID A/C', 'CGST RECD A/C', 'SGST PAID A/C', 'SGST RECEIVED A/C', 'IGST PAID A/C', 'IGST RECD A/C'),
	(70, 'DOOR DELIVER CHARGES', 'Taxable', '996711', '18', 'Business Support Services Taxable Recd A/C', 'BSS Taxable Paid A/c', 'CGST PAID A/C', 'CGST RECD A/C', 'SGST PAID A/C', 'SGST RECEIVED A/C', 'IGST PAID A/C', 'IGST RECD A/C'),
	(71, 'DOX Charges', 'Taxable', '996719', '18', 'Business Support Services Taxable Recd A/C', 'BSS Taxable Paid A/c', 'CGST PAID A/C', 'CGST RECD A/C', 'SGST PAID A/C', 'SGST RECEIVED A/C', 'IGST PAID A/C', 'IGST RECD A/C'),
	(72, 'DRAWBACK CHARGES', 'Taxable', '996719', '18', 'Business Support Services Taxable Recd A/C', 'BSS Taxable Paid A/c', 'CGST PAID A/C', 'CGST RECD A/C', 'SGST PAID A/C', 'SGST RECEIVED A/C', 'IGST PAID A/C', 'IGST RECD A/C'),
	(73, 'Drawback Document', 'Taxable', '996719', '18', 'Business Support Services Taxable Recd A/C', 'BSS Taxable Paid A/c', 'CGST PAID A/C', 'CGST RECD A/C', 'SGST PAID A/C', 'SGST RECEIVED A/C', 'IGST PAID A/C', 'IGST RECD A/C'),
	(74, 'E.I.A. CHARGES', 'Taxable', '996719', '18', 'Business Support Services Taxable Recd A/C', 'BSS Taxable Paid A/c', 'CGST PAID A/C', 'CGST RECD A/C', 'SGST PAID A/C', 'SGST RECEIVED A/C', 'IGST PAID A/C', 'IGST RECD A/C'),
	(75, 'E.P.Copy Releas Chg.', 'Taxable', '996719', '18', 'Business Support Services Taxable Recd A/C', 'BSS Taxable Paid A/c', 'CGST PAID A/C', 'CGST RECD A/C', 'SGST PAID A/C', 'SGST RECEIVED A/C', 'IGST PAID A/C', 'IGST RECD A/C'),
	(76, 'EDI REGISTRATION', 'Taxable', '996719', '18', 'Business Support Services Taxable Recd A/C', 'BSS Taxable Paid A/c', 'CGST PAID A/C', 'CGST RECD A/C', 'SGST PAID A/C', 'SGST RECEIVED A/C', 'IGST PAID A/C', 'IGST RECD A/C'),
	(77, 'Embassy Leglisation Charg', 'Taxable', '996719', '18', 'Business Support Services Taxable Recd A/C', 'BSS Taxable Paid A/c', 'CGST PAID A/C', 'CGST RECD A/C', 'SGST PAID A/C', 'SGST RECEIVED A/C', 'IGST PAID A/C', 'IGST RECD A/C'),
	(78, 'ENDORSEMENT CHARGES', 'Taxable', '996719', '18', 'Business Support Services Taxable Recd A/C', 'BSS Taxable Paid A/c', 'CGST PAID A/C', 'CGST RECD A/C', 'SGST PAID A/C', 'SGST RECEIVED A/C', 'IGST PAID A/C', 'IGST RECD A/C'),
	(79, 'ENS charges', 'Taxable', '996711', '18', 'Business Support Services Taxable Recd A/C', 'BSS Taxable Paid A/c', 'CGST PAID A/C', 'CGST RECD A/C', 'SGST PAID A/C', 'SGST RECEIVED A/C', 'IGST PAID A/C', 'IGST RECD A/C'),
	(80, 'EPCG Charges', 'Taxable', '996719', '18', 'Business Support Services Taxable Recd A/C', 'BSS Taxable Paid A/c', 'CGST PAID A/C', 'CGST RECD A/C', 'SGST PAID A/C', 'SGST RECEIVED A/C', 'IGST PAID A/C', 'IGST RECD A/C'),
	(81, 'EQUIPMENT IMBALANCE', 'Taxable', '996711', '18', 'Business Support Services Taxable Recd A/C', 'BSS Taxable Paid A/c', 'CGST PAID A/C', 'CGST RECD A/C', 'SGST PAID A/C', 'SGST RECEIVED A/C', 'IGST PAID A/C', 'IGST RECD A/C'),
	(82, 'Equipment Surcharge', 'Taxable', '996719', '18', 'Business Support Services Taxable Recd A/C', 'BSS Taxable Paid A/c', 'CGST PAID A/C', 'CGST RECD A/C', 'SGST PAID A/C', 'SGST RECEIVED A/C', 'IGST PAID A/C', 'IGST RECD A/C'),
	(83, 'Exam. Charges', 'Taxable', '996712', '18', 'Business Support Services Taxable Recd A/C', 'BSS Taxable Paid A/c', 'CGST PAID A/C', 'CGST RECD A/C', 'SGST PAID A/C', 'SGST RECEIVED A/C', 'IGST PAID A/C', 'IGST RECD A/C'),
	(84, 'Examination Charges', 'Taxable', '996719', '18', 'Business Support Services Taxable Recd A/C', 'BSS Taxable Paid A/c', 'CGST PAID A/C', 'CGST RECD A/C', 'SGST PAID A/C', 'SGST RECEIVED A/C', 'IGST PAID A/C', 'IGST RECD A/C'),
	(85, 'EXPORT AUDIT(DEEC) CHG.', 'Taxable', '996719', '18', 'Business Support Services Taxable Recd A/C', 'BSS Taxable Paid A/c', 'CGST PAID A/C', 'CGST RECD A/C', 'SGST PAID A/C', 'SGST RECEIVED A/C', 'IGST PAID A/C', 'IGST RECD A/C'),
	(86, 'Export Freight Profit', 'Taxable', '', '0', 'Sea Freight - Non Taxable Received', 'Sea Freight - Non Taxable Received', '', '', '', '', '', ''),
	(87, 'Extra Charges', 'Taxable', '996719', '18', 'Business Support Services Taxable Recd A/C', 'BSS Taxable Paid A/c', 'CGST PAID A/C', 'CGST RECD A/C', 'SGST PAID A/C', 'SGST RECEIVED A/C', 'IGST PAID A/C', 'IGST RECD A/C'),
	(88, 'Extra S.B. Charges', 'Taxable', '996719', '18', 'Business Support Services Taxable Recd A/C', 'BSS Taxable Paid A/c', 'CGST PAID A/C', 'CGST RECD A/C', 'SGST PAID A/C', 'SGST RECEIVED A/C', 'IGST PAID A/C', 'IGST RECD A/C'),
	(89, 'EXWORKS CHG.(AIR)', 'Taxable', '', '0', 'Business Support Services Taxable Recd A/C', 'Business Support Services Taxable Recd A/C', '', '', '', '', '', ''),
	(90, 'FACILITATION FEE', 'Taxable', '996719', '18', 'Business Support Services Taxable Recd A/C', 'BSS Taxable Paid A/c', 'CGST PAID A/C', 'CGST RECD A/C', 'SGST PAID A/C', 'SGST RECEIVED A/C', 'IGST PAID A/C', 'IGST RECD A/C'),
	(91, 'FACTORY STUFFING CHG.', 'Taxable', '996719', '18', 'Business Support Services Taxable Recd A/C', 'BSS Taxable Paid A/c', 'CGST PAID A/C', 'CGST RECD A/C', 'SGST PAID A/C', 'SGST RECEIVED A/C', 'IGST PAID A/C', 'IGST RECD A/C'),
	(92, 'FAF Charges', 'Taxable', '996521', '5', 'OCEAN FREIGHT-PP RECEIVED A/C', 'OCEAN FREIGHT-PREPAID PAID A/C', 'CGST PAID A/C', 'CGST RECD A/C', 'SGST PAID A/C', 'SGST RECEIVED A/C', 'IGST PAID A/C', 'IGST RECD A/C'),
	(93, 'FILE CHARGES', 'Taxable', '996719', '18', 'Business Support Services Taxable Recd A/C', 'BSS Taxable Paid A/c', 'CGST PAID A/C', 'CGST RECD A/C', 'SGST PAID A/C', 'SGST RECEIVED A/C', 'IGST PAID A/C', 'IGST RECD A/C'),
	(94, 'Finalisation Charges', 'Taxable', '996719', '18', 'Business Support Services Taxable Recd A/C', 'BSS Taxable Paid A/c', 'CGST PAID A/C', 'CGST RECD A/C', 'SGST PAID A/C', 'SGST RECEIVED A/C', 'IGST PAID A/C', 'IGST RECD A/C'),
	(95, 'FIRST TIME SHIPMENT', 'Taxable', '996719', '18', 'Business Support Services Taxable Recd A/C', 'BSS Taxable Paid A/c', 'CGST PAID A/C', 'CGST RECD A/C', 'SGST PAID A/C', 'SGST RECEIVED A/C', 'IGST PAID A/C', 'IGST RECD A/C'),
	(96, 'FOB Realease Charges', 'Taxable', '996719', '18', 'Business Support Services Taxable Recd A/C', 'BSS Taxable Paid A/c', 'CGST PAID A/C', 'CGST RECD A/C', 'SGST PAID A/C', 'SGST RECEIVED A/C', 'IGST PAID A/C', 'IGST RECD A/C'),
	(97, 'Fork Lift Chrgs', 'Taxable', '996719', '18', 'Business Support Services Taxable Recd A/C', 'BSS Taxable Paid A/c', 'CGST PAID A/C', 'CGST RECD A/C', 'SGST PAID A/C', 'SGST RECEIVED A/C', 'IGST PAID A/C', 'IGST RECD A/C'),
	(98, 'FORM A Charges', 'Taxable', '996719', '18', 'Business Support Services Taxable Recd A/C', 'BSS Taxable Paid A/c', 'CGST PAID A/C', 'CGST RECD A/C', 'SGST PAID A/C', 'SGST RECEIVED A/C', 'IGST PAID A/C', 'IGST RECD A/C'),
	(99, 'FREIGHT RAILWAY', 'Taxable', '', '0', 'R/R CHARGES RECD A/C - (40%)', 'R/R CHARGES RECD A/C - (40%)', '', '', '', '', '', ''),
	(100, 'FUEL SURCHARGE(AIR)', 'Taxable', '', '0', 'Business Support Services Taxable Recd A/C', 'Business Support Services Taxable Recd A/C', '', '', '', '', '', ''),
	(101, 'Fumigation Charge', 'Taxable', '996719', '18', 'Business Support Services Taxable Recd A/C', 'BSS Taxable Paid A/c', 'CGST PAID A/C', 'CGST RECD A/C', 'SGST PAID A/C', 'SGST RECEIVED A/C', 'IGST PAID A/C', 'IGST RECD A/C'),
	(102, 'Fumigation Charges', 'Taxable', '998539', '18', 'Business Support Services Taxable Recd A/C', 'BSS Taxable Paid A/c', 'CGST PAID A/C', 'CGST RECD A/C', 'SGST PAID A/C', 'SGST RECEIVED A/C', 'IGST PAID A/C', 'IGST RECD A/C'),
	(103, 'Gateway THC', 'Taxable', '996711', '18', 'Business Support Services Taxable Recd A/C', 'BSS Taxable Paid A/c', 'CGST PAID A/C', 'CGST RECD A/C', 'SGST PAID A/C', 'SGST RECEIVED A/C', 'IGST PAID A/C', 'IGST RECD A/C'),
	(104, 'GDL Charges', 'Taxable', '996719', '18', 'Business Support Services Taxable Recd A/C', 'BSS Taxable Paid A/c', 'CGST PAID A/C', 'CGST RECD A/C', 'SGST PAID A/C', 'SGST RECEIVED A/C', 'IGST PAID A/C', 'IGST RECD A/C'),
	(105, 'GOH CHARGES', 'Taxable', '', '0', 'Business Support Services Taxable Recd A/C', 'Business Support Services Taxable Recd A/C', '', '', '', '', '', ''),
	(106, 'Green Tax (Delhi)', 'Taxable', '996511', '18', 'Transportation Charges Received', 'Transportation Charges Paid', 'CGST PAID A/C', 'CGST RECD A/C', 'SGST PAID A/C', 'SGST RECEIVED A/C', 'IGST PAID A/C', 'IGST RECD A/C'),
	(107, 'GRI Charges', 'Taxable', '996521', '0', 'Sea Freight - Non Taxable Received', 'Sea Freight Non-Taxable Paid', 'CGST PAID A/C', 'CGST RECD A/C', 'SGST PAID A/C', 'SGST RECEIVED A/C', 'IGST PAID A/C', 'IGST RECD A/C'),
	(108, 'GRI Charges', 'Taxable', '996521', '5', 'OCEAN FREIGHT-PP RECEIVED A/C', 'OCEAN FREIGHT-PREPAID PAID A/C', 'CGST PAID A/C', 'CGST RECD A/C', 'SGST PAID A/C', 'SGST RECEIVED A/C', 'IGST PAID A/C', 'IGST RECD A/C'),
	(109, 'Ground Rent Charges', 'Taxable', '996719', '18', 'Business Support Services Taxable Recd A/C', 'BSS Taxable Paid A/c', 'CGST PAID A/C', 'CGST RECD A/C', 'SGST PAID A/C', 'SGST RECEIVED A/C', 'IGST PAID A/C', 'IGST RECD A/C'),
	(110, 'GSP Certification', 'Taxable', '996719', '18', 'Business Support Services Taxable Recd A/C', 'BSS Taxable Paid A/c', 'CGST PAID A/C', 'CGST RECD A/C', 'SGST PAID A/C', 'SGST RECEIVED A/C', 'IGST PAID A/C', 'IGST RECD A/C'),
	(111, 'Handling Charges', 'Taxable', '996719', '18', 'Business Support Services Taxable Recd A/C', 'BSS Taxable Paid A/c', 'CGST PAID A/C', 'CGST RECD A/C', 'SGST PAID A/C', 'SGST RECEIVED A/C', 'IGST PAID A/C', 'IGST RECD A/C'),
	(112, 'HANDLING CHG (AIR)', 'Taxable', '', '0', 'Business Support Services Taxable Recd A/C', 'Business Support Services Taxable Recd A/C', '', '', '', '', '', ''),
	(113, 'Handling Railway', 'Taxable', '996711', '18', 'Business Support Services Taxable Recd A/C', 'BSS Taxable Paid A/c', 'CGST PAID A/C', 'CGST RECD A/C', 'SGST PAID A/C', 'SGST RECEIVED A/C', 'IGST PAID A/C', 'IGST RECD A/C'),
	(114, 'Harbor maintenance ch', 'Taxable', '996711', '18', 'Business Support Services Taxable Recd A/C', 'BSS Taxable Paid A/c', 'CGST PAID A/C', 'CGST RECD A/C', 'SGST PAID A/C', 'SGST RECEIVED A/C', 'IGST PAID A/C', 'IGST RECD A/C'),
	(115, 'HBL CHARGES', 'Taxable', '996719', '18', 'Business Support Services Taxable Recd A/C', 'BSS Taxable Paid A/c', 'CGST PAID A/C', 'CGST RECD A/C', 'SGST PAID A/C', 'SGST RECEIVED A/C', 'IGST PAID A/C', 'IGST RECD A/C'),
	(116, 'HEALTH CERTIFICATE', 'Taxable', '996719', '18', 'Business Support Services Taxable Recd A/C', 'BSS Taxable Paid A/c', 'CGST PAID A/C', 'CGST RECD A/C', 'SGST PAID A/C', 'SGST RECEIVED A/C', 'IGST PAID A/C', 'IGST RECD A/C'),
	(117, 'IEC Registration Chrgs', 'Taxable', '996719', '18', 'Business Support Services Taxable Recd A/C', 'BSS Taxable Paid A/c', 'CGST PAID A/C', 'CGST RECD A/C', 'SGST PAID A/C', 'SGST RECEIVED A/C', 'IGST PAID A/C', 'IGST RECD A/C'),
	(118, 'IGM Filing Charges', 'Taxable', '996719', '18', 'Business Support Services Taxable Recd A/C', 'BSS Taxable Paid A/c', 'CGST PAID A/C', 'CGST RECD A/C', 'SGST PAID A/C', 'SGST RECEIVED A/C', 'IGST PAID A/C', 'IGST RECD A/C'),
	(119, 'IGM FILING CHARGES(AIR)', 'Taxable', '', '0', 'Business Support Services Taxable Recd A/C', 'Business Support Services Taxable Recd A/C', '', '', '', '', '', ''),
	(120, 'Import Brok. Charges', 'Taxable', '996719', '18', 'Business Support Services Taxable Recd A/C', 'BSS Taxable Paid A/c', 'CGST PAID A/C', 'CGST RECD A/C', 'SGST PAID A/C', 'SGST RECEIVED A/C', 'IGST PAID A/C', 'IGST RECD A/C'),
	(121, 'Import Documentation Chg.', 'Taxable', '996719', '18', 'Business Support Services Taxable Recd A/C', 'BSS Taxable Paid A/c', 'CGST PAID A/C', 'CGST RECD A/C', 'SGST PAID A/C', 'SGST RECEIVED A/C', 'IGST PAID A/C', 'IGST RECD A/C'),
	(122, 'Import Duty-U.S.A.', 'Taxable', '', '0', 'Business Support Services Taxable Recd A/C', 'Business Support Services Taxable Recd A/C', '', '', '', '', '', ''),
	(123, 'Import Messenger chg', 'Taxable', '996719', '18', 'Business Support Services Taxable Recd A/C', 'BSS Taxable Paid A/c', 'CGST PAID A/C', 'CGST RECD A/C', 'SGST PAID A/C', 'SGST RECEIVED A/C', 'IGST PAID A/C', 'IGST RECD A/C'),
	(124, 'Incentive', 'Taxable', '', '0', 'Incentive Recd A/c', 'Incentive Recd A/c', '', '', '', '', '', ''),
	(125, 'INCENTIVE AND COMMISSION PAID', 'Taxable', '999799', '18', 'Commission & Brokerage Paid', 'Commission & Brokerage Paid', '9% CGST PAID RCM A/C', '9% CGST RECEIVED RCM A/C', '9% SGST PAID RCM A/C', '9% SGST RECEIVED RCM A/C', '18 % IGST PAID RCM A/C', '18% IGST RECEIVED RCM A/C'),
	(126, 'INCENTIVE RECD A/C', 'Taxable', '996111', '18', 'Incentive Recd A/c', 'Incentive Recd A/c', 'CGST PAID A/C', 'CGST RECD A/C', 'SGST PAID A/C', 'SGST RECEIVED A/C', 'IGST PAID A/C', 'IGST RECD A/C'),
	(127, 'Infrastructure Development Charge', 'Taxable', '998599', '18', 'Business Support Services Taxable Recd A/C', 'BSS Taxable Paid A/c', 'CGST PAID A/C', 'CGST RECD A/C', 'SGST PAID A/C', 'SGST RECEIVED A/C', 'IGST PAID A/C', 'IGST RECD A/C'),
	(128, 'Inland Haulage', 'Taxable', '996711', '18', 'Business Support Services Taxable Recd A/C', 'BSS Taxable Paid A/c', 'CGST PAID A/C', 'CGST RECD A/C', 'SGST PAID A/C', 'SGST RECEIVED A/C', 'IGST PAID A/C', 'IGST RECD A/C'),
	(129, 'Insurance Charges', 'Taxable', '', '0', 'Business Support Services Taxable Recd A/C', 'Business Support Services Taxable Recd A/C', '', '', '', '', '', ''),
	(130, 'INSURANCE COSTS(AIR)', 'Taxable', '', '0', 'Business Support Services Taxable Recd A/C', 'Business Support Services Taxable Recd A/C', '', '', '', '', '', ''),
	(131, 'INTERNATIONAL SECURTY CHG', 'Taxable', '996719', '18', 'Business Support Services Taxable Recd A/C', 'BSS Taxable Paid A/c', 'CGST PAID A/C', 'CGST RECD A/C', 'SGST PAID A/C', 'SGST RECEIVED A/C', 'IGST PAID A/C', 'IGST RECD A/C'),
	(132, 'ISF Charges', 'Taxable', '996719', '18', 'Business Support Services Taxable Recd A/C', 'BSS Taxable Paid A/c', 'CGST PAID A/C', 'CGST RECD A/C', 'SGST PAID A/C', 'SGST RECEIVED A/C', 'IGST PAID A/C', 'IGST RECD A/C'),
	(133, 'ISPS CHARGES', 'Taxable', '996719', '18', 'Business Support Services Taxable Recd A/C', 'BSS Taxable Paid A/c', 'CGST PAID A/C', 'CGST RECD A/C', 'SGST PAID A/C', 'SGST RECEIVED A/C', 'IGST PAID A/C', 'IGST RECD A/C'),
	(134, 'IT Fees', 'Taxable', '996719', '18', 'Business Support Services Taxable Recd A/C', 'BSS Taxable Paid A/c', 'CGST PAID A/C', 'CGST RECD A/C', 'SGST PAID A/C', 'SGST RECEIVED A/C', 'IGST PAID A/C', 'IGST RECD A/C'),
	(135, 'Labour Charges', 'Taxable', '996719', '18', 'Business Support Services Taxable Recd A/C', 'BSS Taxable Paid A/c', 'CGST PAID A/C', 'CGST RECD A/C', 'SGST PAID A/C', 'SGST RECEIVED A/C', 'IGST PAID A/C', 'IGST RECD A/C'),
	(136, 'LANDING CERTIFICATE CHG.', 'Taxable', '996719', '18', 'Business Support Services Taxable Recd A/C', 'BSS Taxable Paid A/c', 'CGST PAID A/C', 'CGST RECD A/C', 'SGST PAID A/C', 'SGST RECEIVED A/C', 'IGST PAID A/C', 'IGST RECD A/C'),
	(137, 'Lashing Charges', 'Taxable', '996719', '18', 'Business Support Services Taxable Recd A/C', 'BSS Taxable Paid A/c', 'CGST PAID A/C', 'CGST RECD A/C', 'SGST PAID A/C', 'SGST RECEIVED A/C', 'IGST PAID A/C', 'IGST RECD A/C'),
	(138, 'LATE B/L CHARGES', 'Taxable', '996719', '18', 'Business Support Services Taxable Recd A/C', 'BSS Taxable Paid A/c', 'CGST PAID A/C', 'CGST RECD A/C', 'SGST PAID A/C', 'SGST RECEIVED A/C', 'IGST PAID A/C', 'IGST RECD A/C'),
	(139, 'LCL CHARGES', 'Taxable', '996719', '18', 'Business Support Services Taxable Recd A/C', 'BSS Taxable Paid A/c', 'CGST PAID A/C', 'CGST RECD A/C', 'SGST PAID A/C', 'SGST RECEIVED A/C', 'IGST PAID A/C', 'IGST RECD A/C'),
	(140, 'LIFT ON/ LIFT OFF CHARGES', 'Taxable', '996719', '18', 'Business Support Services Taxable Recd A/C', 'BSS Taxable Paid A/c', 'CGST PAID A/C', 'CGST RECD A/C', 'SGST PAID A/C', 'SGST RECEIVED A/C', 'IGST PAID A/C', 'IGST RECD A/C'),
	(141, 'Lifting Shifting', 'Taxable', '996719', '18', 'Business Support Services Taxable Recd A/C', 'BSS Taxable Paid A/c', 'CGST PAID A/C', 'CGST RECD A/C', 'SGST PAID A/C', 'SGST RECEIVED A/C', 'IGST PAID A/C', 'IGST RECD A/C'),
	(142, 'Lifting Shifting IH', 'Taxable', '996719', '18', 'Business Support Services Taxable Recd A/C', 'BSS Taxable Paid A/c', 'CGST PAID A/C', 'CGST RECD A/C', 'SGST PAID A/C', 'SGST RECEIVED A/C', 'IGST PAID A/C', 'IGST RECD A/C'),
	(143, 'Lifting Shifting OF', 'Taxable', '', '0', '', '', '', '', '', '', '', ''),
	(144, 'Lines Charges', 'Taxable', '', '0', 'Business Support Services Taxable Recd A/C', 'Business Support Services Taxable Recd A/C', '', '', '', '', '', ''),
	(145, 'Loading Unloading Charges', 'Taxable', '996719', '18', 'Business Support Services Taxable Recd A/C', 'BSS Taxable Paid A/c', 'CGST PAID A/C', 'CGST RECD A/C', 'SGST PAID A/C', 'SGST RECEIVED A/C', 'IGST PAID A/C', 'IGST RECD A/C'),
	(146, 'Low Sulpher Charges', 'Taxable', '996521', '5', 'OCEAN FREIGHT-PP RECEIVED A/C', 'OCEAN FREIGHT-PREPAID PAID A/C', 'CGST PAID A/C', 'CGST RECD A/C', 'SGST PAID A/C', 'SGST RECEIVED A/C', 'IGST PAID A/C', 'IGST RECD A/C'),
	(147, 'Maersk Charges', 'Taxable', '', '0', 'Business Support Services Taxable Recd A/C', 'Business Support Services Taxable Recd A/C', '', '', '', '', '', ''),
	(148, 'Mandatory User Charges', 'Taxable', '996719', '18', 'Business Support Services Taxable Recd A/C', 'BSS Taxable Paid A/c', 'CGST PAID A/C', 'CGST RECD A/C', 'SGST PAID A/C', 'SGST RECEIVED A/C', 'IGST PAID A/C', 'IGST RECD A/C'),
	(149, 'MANIFEST CORRECTOR CHG.', 'Taxable', '996719', '18', 'Business Support Services Taxable Recd A/C', 'BSS Taxable Paid A/c', 'CGST PAID A/C', 'CGST RECD A/C', 'SGST PAID A/C', 'SGST RECEIVED A/C', 'IGST PAID A/C', 'IGST RECD A/C'),
	(150, 'Marking Charges', 'Taxable', '996719', '18', 'Business Support Services Taxable Recd A/C', 'BSS Taxable Paid A/c', 'CGST PAID A/C', 'CGST RECD A/C', 'SGST PAID A/C', 'SGST RECEIVED A/C', 'IGST PAID A/C', 'IGST RECD A/C'),
	(151, 'Measurement Charges', 'Taxable', '996719', '18', 'Business Support Services Taxable Recd A/C', 'BSS Taxable Paid A/c', 'CGST PAID A/C', 'CGST RECD A/C', 'SGST PAID A/C', 'SGST RECEIVED A/C', 'IGST PAID A/C', 'IGST RECD A/C'),
	(152, 'Merchandise Processing Ch', 'Taxable', '996719', '18', 'Business Support Services Taxable Recd A/C', 'BSS Taxable Paid A/c', 'CGST PAID A/C', 'CGST RECD A/C', 'SGST PAID A/C', 'SGST RECEIVED A/C', 'IGST PAID A/C', 'IGST RECD A/C'),
	(153, 'MISC EXPENSES', 'Taxable', '996719', '18', 'Business Support Services Taxable Recd A/C', 'BSS Taxable Paid A/c', 'CGST PAID A/C', 'CGST RECD A/C', 'SGST PAID A/C', 'SGST RECEIVED A/C', 'IGST PAID A/C', 'IGST RECD A/C'),
	(154, 'MOT Charges', 'Taxable', '996719', '18', 'Business Support Services Taxable Recd A/C', 'BSS Taxable Paid A/c', 'CGST PAID A/C', 'CGST RECD A/C', 'SGST PAID A/C', 'SGST RECEIVED A/C', 'IGST PAID A/C', 'IGST RECD A/C'),
	(155, 'Movement Charges', 'Taxable', '996719', '18', 'Business Support Services Taxable Recd A/C', 'BSS Taxable Paid A/c', 'CGST PAID A/C', 'CGST RECD A/C', 'SGST PAID A/C', 'SGST RECEIVED A/C', 'IGST PAID A/C', 'IGST RECD A/C'),
	(156, 'NES CUSTOMES CHG(AIR)', 'Taxable', '', '0', 'Business Support Services Taxable Recd A/C', 'Business Support Services Taxable Recd A/C', '', '', '', '', '', ''),
	(157, 'Nomination Charges', 'Taxable', '996719', '18', 'Business Support Services Taxable Recd A/C', 'BSS Taxable Paid A/c', 'CGST PAID A/C', 'CGST RECD A/C', 'SGST PAID A/C', 'SGST RECEIVED A/C', 'IGST PAID A/C', 'IGST RECD A/C'),
	(158, 'O T CHARGES', 'Taxable', '996719', '18', 'Business Support Services Taxable Recd A/C', 'BSS Taxable Paid A/c', 'CGST PAID A/C', 'CGST RECD A/C', 'SGST PAID A/C', 'SGST RECEIVED A/C', 'IGST PAID A/C', 'IGST RECD A/C'),
	(159, 'Ocean Freight Charges', 'Taxable', '996521', '0', 'Sea Freight - Non Taxable Received', 'Sea Freight Non-Taxable Paid', 'CGST PAID A/C', 'CGST RECD A/C', 'SGST PAID A/C', 'SGST RECEIVED A/C', 'IGST PAID A/C', 'IGST RECD A/C'),
	(160, 'On Carriage', 'Taxable', '996711', '18', 'Business Support Services Taxable Recd A/C', 'BSS Taxable Paid A/c', 'CGST PAID A/C', 'CGST RECD A/C', 'SGST PAID A/C', 'SGST RECEIVED A/C', 'IGST PAID A/C', 'IGST RECD A/C'),
	(161, 'Opening/Repacking Charges', 'Taxable', '996719', '18', 'Business Support Services Taxable Recd A/C', 'BSS Taxable Paid A/c', 'CGST PAID A/C', 'CGST RECD A/C', 'SGST PAID A/C', 'SGST RECEIVED A/C', 'IGST PAID A/C', 'IGST RECD A/C'),
	(162, 'Origin Charges', 'Taxable', '996711', '18', 'Business Support Services Taxable Recd A/C', 'BSS Taxable Paid A/c', 'CGST PAID A/C', 'CGST RECD A/C', 'SGST PAID A/C', 'SGST RECEIVED A/C', 'IGST PAID A/C', 'IGST RECD A/C'),
	(163, 'OVERSEAS B/L CHARGES', 'Taxable', '996719', '0', 'INCOME FOR SERVICES OUTSIDE INDIA', 'EXPENSES FOR SERVICES RECD OUTSIDE INDIA', '', '', '', '', '', ''),
	(164, 'OVERSEAS CUSTOM CLEARANCE', 'Taxable', '996719', '0', 'INCOME FOR SERVICES OUTSIDE INDIA', 'EXPENSES FOR SERVICES RECD OUTSIDE INDIA', '', '', '', '', '', ''),
	(165, 'OVERSEAS D O CHARGES', 'Taxable', '996719', '0', 'INCOME FOR SERVICES OUTSIDE INDIA', 'EXPENSES FOR SERVICES RECD OUTSIDE INDIA', '', '', '', '', '', ''),
	(166, 'OVERSEAS DDC CHARGES', 'Taxable', '996711', '0', 'INCOME FOR SERVICES OUTSIDE INDIA', 'EXPENSES FOR SERVICES RECD OUTSIDE INDIA', '', '', '', '', '', ''),
	(167, 'OVERSEAS ISF CHARGES', 'Taxable', '996719', '0', 'INCOME FOR SERVICES OUTSIDE INDIA', 'EXPENSES FOR SERVICES RECD OUTSIDE INDIA', '', '', '', '', '', ''),
	(168, 'OVERSEAS ON CARRIAGE CHARGES', 'Taxable', '996711', '0', 'INCOME FOR SERVICES OUTSIDE INDIA', 'EXPENSES FOR SERVICES RECD OUTSIDE INDIA', '', '', '', '', '', ''),
	(169, 'OVERSEAS THC CHARGES', 'Taxable', '996711', '0', 'INCOME FOR SERVICES OUTSIDE INDIA', 'EXPENSES FOR SERVICES RECD OUTSIDE INDIA', '', '', '', '', '', ''),
	(170, 'OVERTIME CHARGES', 'Taxable', '996719', '18', 'Business Support Services Taxable Recd A/C', 'BSS Taxable Paid A/c', 'CGST PAID A/C', 'CGST RECD A/C', 'SGST PAID A/C', 'SGST RECEIVED A/C', 'IGST PAID A/C', 'IGST RECD A/C'),
	(171, 'OVERWIEGHT CHARGES', 'Taxable', '996711', '18', 'Business Support Services Taxable Recd A/C', 'BSS Taxable Paid A/c', 'CGST PAID A/C', 'CGST RECD A/C', 'SGST PAID A/C', 'SGST RECEIVED A/C', 'IGST PAID A/C', 'IGST RECD A/C'),
	(172, 'Packing Charges', 'Taxable', '996719', '18', 'Business Support Services Taxable Recd A/C', 'BSS Taxable Paid A/c', 'CGST PAID A/C', 'CGST RECD A/C', 'SGST PAID A/C', 'SGST RECEIVED A/C', 'IGST PAID A/C', 'IGST RECD A/C'),
	(173, 'PACKING SURCHARGE', 'Taxable', '996719', '18', 'Business Support Services Taxable Recd A/C', 'BSS Taxable Paid A/c', 'CGST PAID A/C', 'CGST RECD A/C', 'SGST PAID A/C', 'SGST RECEIVED A/C', 'IGST PAID A/C', 'IGST RECD A/C'),
	(174, 'Pallation Charges', 'Taxable', '996719', '18', 'Business Support Services Taxable Recd A/C', 'BSS Taxable Paid A/c', 'CGST PAID A/C', 'CGST RECD A/C', 'SGST PAID A/C', 'SGST RECEIVED A/C', 'IGST PAID A/C', 'IGST RECD A/C'),
	(175, 'Phytosanitary Charges', 'Taxable', '996719', '18', 'Business Support Services Taxable Recd A/C', 'BSS Taxable Paid A/c', 'CGST PAID A/C', 'CGST RECD A/C', 'SGST PAID A/C', 'SGST RECEIVED A/C', 'IGST PAID A/C', 'IGST RECD A/C'),
	(176, 'PICKUP CHARGES', 'Taxable', '996719', '18', 'Business Support Services Taxable Recd A/C', 'BSS Taxable Paid A/c', 'CGST PAID A/C', 'CGST RECD A/C', 'SGST PAID A/C', 'SGST RECEIVED A/C', 'IGST PAID A/C', 'IGST RECD A/C'),
	(177, 'Pier Pass', 'Taxable', '996719', '18', 'Business Support Services Taxable Recd A/C', 'BSS Taxable Paid A/c', 'CGST PAID A/C', 'CGST RECD A/C', 'SGST PAID A/C', 'SGST RECEIVED A/C', 'IGST PAID A/C', 'IGST RECD A/C'),
	(178, 'PLUG IN & OUT CHARGES', 'Taxable', '996711', '18', 'Business Support Services Taxable Recd A/C', 'BSS Taxable Paid A/c', 'CGST PAID A/C', 'CGST RECD A/C', 'SGST PAID A/C', 'SGST RECEIVED A/C', 'IGST PAID A/C', 'IGST RECD A/C'),
	(179, 'Polyethe Charges', 'Taxable', '996719', '18', 'Business Support Services Taxable Recd A/C', 'BSS Taxable Paid A/c', 'CGST PAID A/C', 'CGST RECD A/C', 'SGST PAID A/C', 'SGST RECEIVED A/C', 'IGST PAID A/C', 'IGST RECD A/C'),
	(180, 'Port Cargo', 'Taxable', '996719', '18', 'Business Support Services Taxable Recd A/C', 'BSS Taxable Paid A/c', 'CGST PAID A/C', 'CGST RECD A/C', 'SGST PAID A/C', 'SGST RECEIVED A/C', 'IGST PAID A/C', 'IGST RECD A/C'),
	(181, 'PORT CONGESTION CHARGES', 'Taxable', '996711', '18', 'Business Support Services Taxable Recd A/C', 'BSS Taxable Paid A/c', 'CGST PAID A/C', 'CGST RECD A/C', 'SGST PAID A/C', 'SGST RECEIVED A/C', 'IGST PAID A/C', 'IGST RECD A/C'),
	(182, 'Port Service Charges', 'Taxable', '996719', '18', 'Business Support Services Taxable Recd A/C', 'BSS Taxable Paid A/c', 'CGST PAID A/C', 'CGST RECD A/C', 'SGST PAID A/C', 'SGST RECEIVED A/C', 'IGST PAID A/C', 'IGST RECD A/C'),
	(183, 'PP OCEAN FREIGHT', 'Taxable', '996521', '5', 'OCEAN FREIGHT-PP RECEIVED A/C', 'OCEAN FREIGHT-PREPAID PAID A/C', 'CGST PAID A/C', 'CGST RECD A/C', 'SGST PAID A/C', 'SGST RECEIVED A/C', 'IGST PAID A/C', 'IGST RECD A/C'),
	(184, 'PRE-CARREAGE CHG.', 'Taxable', '996711', '18', 'Business Support Services Taxable Recd A/C', 'BSS Taxable Paid A/c', 'CGST PAID A/C', 'CGST RECD A/C', 'SGST PAID A/C', 'SGST RECEIVED A/C', 'IGST PAID A/C', 'IGST RECD A/C'),
	(185, 'Pvt. Labour Charges', 'Taxable', '996719', '18', 'Business Support Services Taxable Recd A/C', 'BSS Taxable Paid A/c', 'CGST PAID A/C', 'CGST RECD A/C', 'SGST PAID A/C', 'SGST RECEIVED A/C', 'IGST PAID A/C', 'IGST RECD A/C'),
	(186, 'R.M.S.PROCESSING CHARGES', 'Taxable', '996719', '18', 'Business Support Services Taxable Recd A/C', 'BSS Taxable Paid A/c', 'CGST PAID A/C', 'CGST RECD A/C', 'SGST PAID A/C', 'SGST RECEIVED A/C', 'IGST PAID A/C', 'IGST RECD A/C'),
	(187, 'RAIL FREIGHT', 'Taxable', '', '0', 'Business Support Services Taxable Recd A/C', 'Business Support Services Taxable Recd A/C', '', '', '', '', '', ''),
	(188, 'RAIL FREIGHT (FOOD GRAIN)', 'Taxable', '996512', '0', 'RAIL FREIGHT RECD (FOOD GRAIN)', 'Rail Freight Paid A/C (Food Grain)', 'CGST PAID A/C', 'CGST RECD A/C', 'SGST PAID A/C', 'SGST RECEIVED A/C', 'IGST PAID A/C', 'IGST RECD A/C'),
	(189, 'RAIL FREIGHT (TAXABLE PAID)', 'Taxable', '996512', '12', 'Railway Freight Recd A/C', 'RAIL FREIGHT PAID A/C', 'CGST PAID A/C', 'CGST RECD A/C', 'SGST PAID A/C', 'SGST RECEIVED A/C', 'IGST PAID A/C', 'IGST RECD A/C'),
	(190, 'RAIL HANDLING (FOODGRAIN)', 'Taxable', '996719', '0', 'BSS RECD (FOODGRAIN)', 'BSS PAID (FOODGRAIN)', 'CGST PAID A/C', 'CGST RECD A/C', 'SGST PAID A/C', 'SGST RECEIVED A/C', 'IGST PAID A/C', 'IGST RECD A/C'),
	(191, 'RAIL OUT CHARGES', 'Taxable', '996719', '18', 'Business Support Services Taxable Recd A/C', 'BSS Taxable Paid A/c', 'CGST PAID A/C', 'CGST RECD A/C', 'SGST PAID A/C', 'SGST RECEIVED A/C', 'IGST PAID A/C', 'IGST RECD A/C'),
	(192, 'Railway Freight Recd A/C', 'Taxable', '996512', '12', 'Railway Freight Recd A/C', 'RAIL FREIGHT PAID A/C', 'CGST PAID A/C', 'CGST RECD A/C', 'SGST PAID A/C', 'SGST RECEIVED A/C', 'IGST PAID A/C', 'IGST RECD A/C'),
	(193, 'Rebate', 'Taxable', '996759', '18', 'Business Support Services Taxable Recd A/C', 'BSS Taxable Paid A/c', 'CGST PAID A/C', 'CGST RECD A/C', 'SGST PAID A/C', 'SGST RECEIVED A/C', 'IGST PAID A/C', 'IGST RECD A/C'),
	(194, 'RECOLLECTION CHG.(AIR)', 'Taxable', '', '0', 'Business Support Services Taxable Recd A/C', 'Business Support Services Taxable Recd A/C', '', '', '', '', '', ''),
	(195, 'REFUND', 'Taxable', '996719', '18', 'Business Support Services Taxable Recd A/C', 'BSS Taxable Paid A/c', 'CGST PAID A/C', 'CGST RECD A/C', 'SGST PAID A/C', 'SGST RECEIVED A/C', 'IGST PAID A/C', 'IGST RECD A/C'),
	(196, 'Registration Charges', 'Taxable', '996719', '18', 'Business Support Services Taxable Recd A/C', 'BSS Taxable Paid A/c', 'CGST PAID A/C', 'CGST RECD A/C', 'SGST PAID A/C', 'SGST RECEIVED A/C', 'IGST PAID A/C', 'IGST RECD A/C'),
	(197, 'REPO Charges', 'Taxable', '996719', '18', 'Business Support Services Taxable Recd A/C', 'BSS Taxable Paid A/c', 'CGST PAID A/C', 'CGST RECD A/C', 'SGST PAID A/C', 'SGST RECEIVED A/C', 'IGST PAID A/C', 'IGST RECD A/C'),
	(198, 'REWORKING CHARGES', 'Taxable', '996719', '18', 'Business Support Services Taxable Recd A/C', 'BSS Taxable Paid A/c', 'CGST PAID A/C', 'CGST RECD A/C', 'SGST PAID A/C', 'SGST RECEIVED A/C', 'IGST PAID A/C', 'IGST RECD A/C'),
	(199, 'RR Charges - 100% Taxable', 'Taxable', '', '0', 'Business Support Services Taxable Recd A/C', 'Business Support Services Taxable Recd A/C', '', '', '', '', '', ''),
	(200, 'RR Charges - 25% Taxable', 'Taxable', '', '0', 'Transportation Charges Received', 'Transportation Charges Received', '', '', '', '', '', ''),
	(201, 'RR Charges - 30% Taxable', 'Taxable', '', '0', 'RR Charges-Received -30% Taxable(Rail frt.)', 'RR Charges-Received -30% Taxable(Rail frt.)', '', '', '', '', '', ''),
	(202, 'S/L Charges', 'Taxable', '996719', '18', 'Business Support Services Taxable Recd A/C', 'BSS Taxable Paid A/c', 'CGST PAID A/C', 'CGST RECD A/C', 'SGST PAID A/C', 'SGST RECEIVED A/C', 'IGST PAID A/C', 'IGST RECD A/C'),
	(203, 'S/L DETENTION CHG.', 'Taxable', '996711', '18', 'Business Support Services Taxable Recd A/C', 'BSS Taxable Paid A/c', 'CGST PAID A/C', 'CGST RECD A/C', 'SGST PAID A/C', 'SGST RECEIVED A/C', 'IGST PAID A/C', 'IGST RECD A/C'),
	(204, 'Sample Sealing Charges', 'Taxable', '996719', '18', 'Business Support Services Taxable Recd A/C', 'BSS Taxable Paid A/c', 'CGST PAID A/C', 'CGST RECD A/C', 'SGST PAID A/C', 'SGST RECEIVED A/C', 'IGST PAID A/C', 'IGST RECD A/C'),
	(205, 'Seal Charges', 'Taxable', '996711', '18', 'Business Support Services Taxable Recd A/C', 'BSS Taxable Paid A/c', 'CGST PAID A/C', 'CGST RECD A/C', 'SGST PAID A/C', 'SGST RECEIVED A/C', 'IGST PAID A/C', 'IGST RECD A/C'),
	(206, 'SECURITY CHG (AIR)', 'Taxable', '', '0', 'Business Support Services Taxable Recd A/C', 'Business Support Services Taxable Recd A/C', '', '', '', '', '', ''),
	(207, 'Segration Charges', 'Taxable', '996719', '18', 'Business Support Services Taxable Recd A/C', 'BSS Taxable Paid A/c', 'CGST PAID A/C', 'CGST RECD A/C', 'SGST PAID A/C', 'SGST RECEIVED A/C', 'IGST PAID A/C', 'IGST RECD A/C'),
	(208, 'SHIPMENT EXPENSES', 'Taxable', '996719', '18', 'Business Support Services Taxable Recd A/C', 'BSS Taxable Paid A/c', 'CGST PAID A/C', 'CGST RECD A/C', 'SGST PAID A/C', 'SGST RECEIVED A/C', 'IGST PAID A/C', 'IGST RECD A/C'),
	(209, 'Shipping Bill Charges', 'Taxable', '996719', '18', 'Business Support Services Taxable Recd A/C', 'BSS Taxable Paid A/c', 'CGST PAID A/C', 'CGST RECD A/C', 'SGST PAID A/C', 'SGST RECEIVED A/C', 'IGST PAID A/C', 'IGST RECD A/C'),
	(210, 'Short Shipment Charges', 'Taxable', '996719', '18', 'Business Support Services Taxable Recd A/C', 'BSS Taxable Paid A/c', 'CGST PAID A/C', 'CGST RECD A/C', 'SGST PAID A/C', 'SGST RECEIVED A/C', 'IGST PAID A/C', 'IGST RECD A/C'),
	(211, 'Shutout Charges', 'Taxable', '996719', '18', 'Business Support Services Taxable Recd A/C', 'BSS Taxable Paid A/c', 'CGST PAID A/C', 'CGST RECD A/C', 'SGST PAID A/C', 'SGST RECEIVED A/C', 'IGST PAID A/C', 'IGST RECD A/C'),
	(212, 'SILICA GEL CHG.', 'Taxable', '996719', '18', 'Business Support Services Taxable Recd A/C', 'BSS Taxable Paid A/c', 'CGST PAID A/C', 'CGST RECD A/C', 'SGST PAID A/C', 'SGST RECEIVED A/C', 'IGST PAID A/C', 'IGST RECD A/C'),
	(213, 'Sorting Charges', 'Taxable', '996719', '18', 'Business Support Services Taxable Recd A/C', 'BSS Taxable Paid A/c', 'CGST PAID A/C', 'CGST RECD A/C', 'SGST PAID A/C', 'SGST RECEIVED A/C', 'IGST PAID A/C', 'IGST RECD A/C'),
	(214, 'Space Charges', 'Taxable', '996719', '18', 'Business Support Services Taxable Recd A/C', 'BSS Taxable Paid A/c', 'CGST PAID A/C', 'CGST RECD A/C', 'SGST PAID A/C', 'SGST RECEIVED A/C', 'IGST PAID A/C', 'IGST RECD A/C'),
	(215, 'Standarad Trailer Charges', 'Taxable', '', '0', 'Business Support Services Taxable Recd A/C', 'Business Support Services Taxable Recd A/C', '', '', '', '', '', ''),
	(216, 'STORAGE CHARGES', 'Taxable', '996729', '18', 'Business Support Services Taxable Recd A/C', 'BSS Taxable Paid A/c', 'CGST PAID A/C', 'CGST RECD A/C', 'SGST PAID A/C', 'SGST RECEIVED A/C', 'IGST PAID A/C', 'IGST RECD A/C'),
	(217, 'Stuffing charges', 'Taxable', '996719', '18', 'Business Support Services Taxable Recd A/C', 'BSS Taxable Paid A/c', 'CGST PAID A/C', 'CGST RECD A/C', 'SGST PAID A/C', 'SGST RECEIVED A/C', 'IGST PAID A/C', 'IGST RECD A/C'),
	(218, 'SURCHARGES', 'Taxable', '996711', '18', 'Business Support Services Taxable Recd A/C', 'BSS Taxable Paid A/c', 'CGST PAID A/C', 'CGST RECD A/C', 'SGST PAID A/C', 'SGST RECEIVED A/C', 'IGST PAID A/C', 'IGST RECD A/C'),
	(219, 'Surveyor Charges', 'Taxable', '996719', '18', 'Business Support Services Taxable Recd A/C', 'BSS Taxable Paid A/c', 'CGST PAID A/C', 'CGST RECD A/C', 'SGST PAID A/C', 'SGST RECEIVED A/C', 'IGST PAID A/C', 'IGST RECD A/C'),
	(220, 'SWITCH B/L CHARGES', 'Taxable', '996719', '18', 'Business Support Services Taxable Recd A/C', 'BSS Taxable Paid A/c', 'CGST PAID A/C', 'CGST RECD A/C', 'SGST PAID A/C', 'SGST RECEIVED A/C', 'IGST PAID A/C', 'IGST RECD A/C'),
	(221, 'T.C. Charges', 'Taxable', '996719', '18', 'Business Support Services Taxable Recd A/C', 'BSS Taxable Paid A/c', 'CGST PAID A/C', 'CGST RECD A/C', 'SGST PAID A/C', 'SGST RECEIVED A/C', 'IGST PAID A/C', 'IGST RECD A/C'),
	(222, 'Terminal Fuel Surcharge', 'Taxable', '996719', '18', 'Business Support Services Taxable Recd A/C', 'BSS Taxable Paid A/c', 'CGST PAID A/C', 'CGST RECD A/C', 'SGST PAID A/C', 'SGST RECEIVED A/C', 'IGST PAID A/C', 'IGST RECD A/C'),
	(223, 'Test Charge', 'Taxable', '', '0', 'Air Freight Non-Taxable Received Account', 'Air Freight Non-Taxable Received Account', '', '', '', '', '', ''),
	(224, 'THC', 'Taxable', '996711', '18', 'Business Support Services Taxable Recd A/C', 'BSS Taxable Paid A/c', 'CGST PAID A/C', 'CGST RECD A/C', 'SGST PAID A/C', 'SGST RECEIVED A/C', 'IGST PAID A/C', 'IGST RECD A/C'),
	(225, 'Time Slot Charges', 'Taxable', '996719', '18', 'Business Support Services Taxable Recd A/C', 'BSS Taxable Paid A/c', 'CGST PAID A/C', 'CGST RECD A/C', 'SGST PAID A/C', 'SGST RECEIVED A/C', 'IGST PAID A/C', 'IGST RECD A/C'),
	(226, 'Toll Charges', 'Taxable', '996511', '18', 'Transportation Charges Received', 'Transportation Charges Paid', 'CGST PAID A/C', 'CGST RECD A/C', 'SGST PAID A/C', 'SGST RECEIVED A/C', 'IGST PAID A/C', 'IGST RECD A/C'),
	(227, 'TOLL TAX', 'Taxable', '', '0', 'Transportation Charges Received', 'Transportation Charges Received', '', '', '', '', '', ''),
	(228, 'TPT Detention Charges', 'Taxable', '996511', '18', 'Transportation Charges Received', 'Transportation Charges Paid', 'CGST PAID A/C', 'CGST RECD A/C', 'SGST PAID A/C', 'SGST RECEIVED A/C', 'IGST PAID A/C', 'IGST RECD A/C'),
	(229, 'TR-6 Charges', 'Taxable', '996712', '0', 'RECEIPTS AS PURE AGENT', 'EXPENSES PAID AS PURE AGENT', '', '', '', '', '', ''),
	(230, 'Trailor Charges', 'Taxable', '996511', '18', 'Transportation Charges Received', 'Transportation Charges Paid', 'CGST PAID A/C', 'CGST RECD A/C', 'SGST PAID A/C', 'SGST RECEIVED A/C', 'IGST PAID A/C', 'IGST RECD A/C'),
	(231, 'Transporation Charges', 'Taxable', '996511', '18', 'Transportation Charges Received', 'Transportation Charges Paid', 'CGST PAID A/C', 'CGST RECD A/C', 'SGST PAID A/C', 'SGST RECEIVED A/C', 'IGST PAID A/C', 'IGST RECD A/C'),
	(232, 'TRANSPORT (FOOD GRAIN)', 'Taxable', '996511', '0', 'TRANSPORTATION RECD (FOODGRAINS)', 'TRANSPORT PAID (FOOD GRAIN)', 'CGST PAID A/C', 'CGST RECD A/C', 'SGST PAID A/C', 'SGST RECEIVED A/C', 'IGST PAID A/C', 'IGST RECD A/C'),
	(233, 'TRANSPORT DETENTION CHG', 'Taxable', '', '0', 'Transportation Charges Received', 'Transportation Charges Received', '', '', '', '', '', ''),
	(234, 'ULA Charges', 'Taxable', '', '0', 'Business Support Services Taxable Recd A/C', 'Business Support Services Taxable Recd A/C', '', '', '', '', '', ''),
	(235, 'URGENT SHIPPMENT CHG', 'Taxable', '996719', '18', 'Business Support Services Taxable Recd A/C', 'BSS Taxable Paid A/c', 'CGST PAID A/C', 'CGST RECD A/C', 'SGST PAID A/C', 'SGST RECEIVED A/C', 'IGST PAID A/C', 'IGST RECD A/C'),
	(236, 'Varai Charges', 'Taxable', '996719', '18', 'Business Support Services Taxable Recd A/C', 'BSS Taxable Paid A/c', 'CGST PAID A/C', 'CGST RECD A/C', 'SGST PAID A/C', 'SGST RECEIVED A/C', 'IGST PAID A/C', 'IGST RECD A/C'),
	(237, 'VGM CHARGES', 'Taxable', '996711', '18', 'Business Support Services Taxable Recd A/C', 'BSS Taxable Paid A/c', 'CGST PAID A/C', 'CGST RECD A/C', 'SGST PAID A/C', 'SGST RECEIVED A/C', 'IGST PAID A/C', 'IGST RECD A/C'),
	(238, 'VIA Charges', 'Taxable', '996711', '18', 'Business Support Services Taxable Recd A/C', 'BSS Taxable Paid A/c', 'CGST PAID A/C', 'CGST RECD A/C', 'SGST PAID A/C', 'SGST RECEIVED A/C', 'IGST PAID A/C', 'IGST RECD A/C'),
	(239, 'VTM(E) CHARGES', 'Taxable', '996719', '18', 'Business Support Services Taxable Recd A/C', 'BSS Taxable Paid A/c', 'CGST PAID A/C', 'CGST RECD A/C', 'SGST PAID A/C', 'SGST RECEIVED A/C', 'IGST PAID A/C', 'IGST RECD A/C'),
	(240, 'W/Life Charges', 'Taxable', '996719', '18', 'Business Support Services Taxable Recd A/C', 'BSS Taxable Paid A/c', 'CGST PAID A/C', 'CGST RECD A/C', 'SGST PAID A/C', 'SGST RECEIVED A/C', 'IGST PAID A/C', 'IGST RECD A/C'),
	(241, 'WAR SURCHARGE(AIR)', 'Taxable', '', '0', 'Business Support Services Taxable Recd A/C', 'Business Support Services Taxable Recd A/C', '', '', '', '', '', ''),
	(242, 'WAREHOUSE THC', 'Taxable', '996711', '18', 'Business Support Services Taxable Recd A/C', 'BSS Taxable Paid A/c', 'CGST PAID A/C', 'CGST RECD A/C', 'SGST PAID A/C', 'SGST RECEIVED A/C', 'IGST PAID A/C', 'IGST RECD A/C'),
	(243, 'Warehousing Charges', 'Taxable', '996729', '18', 'Business Support Services Taxable Recd A/C', 'BSS Taxable Paid A/c', 'CGST PAID A/C', 'CGST RECD A/C', 'SGST PAID A/C', 'SGST RECEIVED A/C', 'IGST PAID A/C', 'IGST RECD A/C'),
	(244, 'WEIGHMENT CHG.', 'Taxable', '996719', '18', 'Business Support Services Taxable Recd A/C', 'BSS Taxable Paid A/c', 'CGST PAID A/C', 'CGST RECD A/C', 'SGST PAID A/C', 'SGST RECEIVED A/C', 'IGST PAID A/C', 'IGST RECD A/C'),
	(245, 'Wharfage Charges', 'Taxable', '996729', '18', 'Business Support Services Taxable Recd A/C', 'BSS Taxable Paid A/c', 'CGST PAID A/C', 'CGST RECD A/C', 'SGST PAID A/C', 'SGST RECEIVED A/C', 'IGST PAID A/C', 'IGST RECD A/C'),
	(246, 'World Window THC', 'Taxable', '996711', '18', 'Business Support Services Taxable Recd A/C', 'BSS Taxable Paid A/c', 'CGST PAID A/C', 'CGST RECD A/C', 'SGST PAID A/C', 'SGST RECEIVED A/C', 'IGST PAID A/C', 'IGST RECD A/C');
/*!40000 ALTER TABLE `gstcharge` ENABLE KEYS */;

-- Dumping structure for table accountmaster.journalvoucher
DROP TABLE IF EXISTS `journalvoucher`;
CREATE TABLE IF NOT EXISTS `journalvoucher` (
  `sno` int(11) NOT NULL AUTO_INCREMENT,
  `entrydate` date NOT NULL,
  `voucherno` varchar(40) NOT NULL,
  `creditaccount` varchar(40) NOT NULL,
  `creditamount` varchar(40) NOT NULL,
  `debitaccount` varchar(40) NOT NULL,
  `debitamount` varchar(40) NOT NULL,
  `chequeno` varchar(40) NOT NULL,
  `narration` varchar(40) NOT NULL,
  `division` varchar(40) NOT NULL,
  PRIMARY KEY (`sno`)
) ENGINE=InnoDB AUTO_INCREMENT=12 DEFAULT CHARSET=latin1;

-- Dumping data for table accountmaster.journalvoucher: ~11 rows (approximately)
/*!40000 ALTER TABLE `journalvoucher` DISABLE KEYS */;
INSERT INTO `journalvoucher` (`sno`, `entrydate`, `voucherno`, `creditaccount`, `creditamount`, `debitaccount`, `debitamount`, `chequeno`, `narration`, `division`) VALUES
	(1, '2019-11-07', 'JV/DEL/SE/1', 'AARAV IMPEX PRIVATE LIMITED', '1000', 'Cash-in-hand', '1000', 'neft', '', 'Export Sea'),
	(2, '2020-01-01', 'JV/DEL/SE/2', 'COSCO (INDIA) SHIPPING PRIVATE LIMITED(C', '12000', 'Ase', '12000', '453', '', 'Export Sea'),
	(3, '2020-01-29', 'JV/DEL/SE/3', 'Awb Fee Account', '200', 'cash', '200', '', 'aas2', 'Export Sea'),
	(4, '2020-01-29', 'JV/DEL/SE/3', 'Awb Fee Account', '200', 'cash', '200', '', 'aas2', 'Export Sea'),
	(5, '2020-01-16', 'JV/DEL/SE/4', 'cash', '222', 'GATEWAY RAIL FREIGHT LTD (CR)', '222', '', 'sse', 'Export Sea'),
	(6, '2020-01-23', 'JV/DEL/SE/5', 'Asian Seaway Pvt. Ltd(CR)', '34', 'Maritime Serives Pvt. Ltd.(Cr)', '34', '', '', 'Export Sea'),
	(7, '2020-01-16', 'JV/DEL/SE/6', 'YUSEN LOGISTICS INDIA LTD-CR', '111', 'YES BANK', '111', '', '', 'Export Sea'),
	(8, '2020-01-18', 'JV/DEL/SE/7', 'ZUST AND BACHMEIER SA- SWITZERLAND', '121', 'Zim World Freight Pvt. Ltd.-CR', '11', '', 'a22', 'Export Sea'),
	(9, '2020-01-30', 'JV/DEL/SE/8', 'Wsa Lines (Bombay) Pvt. Ltd. (Cr)', '121', 'Wsa Lines (Delhi) Pvt. Ltd. (Cr)', '121', '', 'aswdw', 'Export Sea'),
	(10, '2020-01-16', 'JV/DEL/SE/9', '14% RCM CGST PAID A/C', '56', '14% RCM CGST RECD A/C', '24', '', 'tty', 'Export Sea'),
	(11, '2020-01-09', 'JV/DEL/SE/10', '14% RCM CGST RECD A/C', '222', '14% RCM CGST PAID A/C', '333', '', '', 'Export Sea');
/*!40000 ALTER TABLE `journalvoucher` ENABLE KEYS */;

-- Dumping structure for table accountmaster.journalvoucherno
DROP TABLE IF EXISTS `journalvoucherno`;
CREATE TABLE IF NOT EXISTS `journalvoucherno` (
  `sno` int(11) NOT NULL,
  `branch` varchar(40) NOT NULL,
  `division` varchar(40) NOT NULL,
  `voucherno` varchar(40) NOT NULL,
  PRIMARY KEY (`sno`)
) ENGINE=InnoDB DEFAULT CHARSET=latin1;

-- Dumping data for table accountmaster.journalvoucherno: ~20 rows (approximately)
/*!40000 ALTER TABLE `journalvoucherno` DISABLE KEYS */;
INSERT INTO `journalvoucherno` (`sno`, `branch`, `division`, `voucherno`) VALUES
	(1, 'Haryana', 'Export Sea', '1'),
	(2, 'Haryana', 'Import Sea', '1'),
	(3, 'Haryana', 'Export Air', '1'),
	(4, 'Haryana', 'Import Air', '1'),
	(5, 'Ludhiana', 'Export Sea', '1'),
	(6, 'Ludhiana', 'Import Sea', '1'),
	(7, 'Ludhiana', 'Export Air', '1'),
	(8, 'Ludhiana', 'Import Air', '1'),
	(9, 'Mumbai', 'Export Sea', '1'),
	(10, 'Mumbai', 'Import Sea', '1'),
	(11, 'Mumbai', 'Export Air', '1'),
	(12, 'Mumbai', 'Import Air', '1'),
	(13, 'New Delhi', 'Export Sea', '11'),
	(14, 'New Delhi', 'Import Sea', '1'),
	(15, 'New Delhi', 'Export Air', '1'),
	(16, 'New Delhi', 'Import Air', '1'),
	(17, 'Uttar pradesh', 'Export Sea', '1'),
	(18, 'Uttar pradesh', 'Import Sea', '1'),
	(19, 'Uttar pradesh', 'Export Air', '1'),
	(20, 'Uttar pradesh', 'Import Air', '1');
/*!40000 ALTER TABLE `journalvoucherno` ENABLE KEYS */;

-- Dumping structure for table accountmaster.outstandingpayment
DROP TABLE IF EXISTS `outstandingpayment`;
CREATE TABLE IF NOT EXISTS `outstandingpayment` (
  `sno` int(11) NOT NULL AUTO_INCREMENT,
  `billdate` date NOT NULL,
  `billno` varchar(30) NOT NULL,
  `partyname` varchar(50) NOT NULL,
  `docketno` varchar(30) NOT NULL,
  `blawbno` varchar(30) NOT NULL,
  `clientinvoice` varchar(30) NOT NULL,
  `dueamount` float(12,3) NOT NULL,
  `status` varchar(20) NOT NULL,
  `paidamount` float(12,3) NOT NULL,
  `paiddate` date NOT NULL,
  PRIMARY KEY (`sno`)
) ENGINE=InnoDB AUTO_INCREMENT=2 DEFAULT CHARSET=latin1;

-- Dumping data for table accountmaster.outstandingpayment: ~0 rows (approximately)
/*!40000 ALTER TABLE `outstandingpayment` DISABLE KEYS */;
INSERT INTO `outstandingpayment` (`sno`, `billdate`, `billno`, `partyname`, `docketno`, `blawbno`, `clientinvoice`, `dueamount`, `status`, `paidamount`, `paiddate`) VALUES
	(1, '0000-00-00', 'BV/DEL/SE/!', 'cma', '', '', '', 2000.000, 'Due', 0.000, '0000-00-00');
/*!40000 ALTER TABLE `outstandingpayment` ENABLE KEYS */;

-- Dumping structure for table accountmaster.outstandingreceipt
DROP TABLE IF EXISTS `outstandingreceipt`;
CREATE TABLE IF NOT EXISTS `outstandingreceipt` (
  `sno` int(11) NOT NULL AUTO_INCREMENT,
  `billdate` date NOT NULL,
  `billno` varchar(30) NOT NULL,
  `partyname` varchar(50) NOT NULL,
  `docketno` varchar(30) NOT NULL,
  `blawbno` varchar(30) NOT NULL,
  `clientinvoice` varchar(30) NOT NULL,
  `dueamount` float(12,3) NOT NULL,
  `status` varchar(20) NOT NULL,
  `paidamount` float(12,3) NOT NULL,
  `paiddate` date NOT NULL,
  PRIMARY KEY (`sno`)
) ENGINE=InnoDB AUTO_INCREMENT=4 DEFAULT CHARSET=latin1;

-- Dumping data for table accountmaster.outstandingreceipt: ~3 rows (approximately)
/*!40000 ALTER TABLE `outstandingreceipt` DISABLE KEYS */;
INSERT INTO `outstandingreceipt` (`sno`, `billdate`, `billno`, `partyname`, `docketno`, `blawbno`, `clientinvoice`, `dueamount`, `status`, `paidamount`, `paiddate`) VALUES
	(1, '2019-11-06', 'BV/SE/DEl/1', 'aarav impex pvt ltd', 'ndl/se/2/20-21', 'in097wdwe', 'exp/1', 12000.000, 'Due', 0.000, '0000-00-00'),
	(2, '2019-11-05', 'bv/se/del/2', 'tapovan', 'ndl/se/1/20-21', 'der92837', 'expdel2', 5000.000, 'Due', 1000.000, '2019-11-20'),
	(3, '2019-11-12', 'bv/mum/se/1', 'ff', 'mum/se/1/20-21', 'dder4iii', 'fre-mum1', 2341.000, 'Due', 100.000, '0000-00-00');
/*!40000 ALTER TABLE `outstandingreceipt` ENABLE KEYS */;

-- Dumping structure for table accountmaster.tradevoucher
DROP TABLE IF EXISTS `tradevoucher`;
CREATE TABLE IF NOT EXISTS `tradevoucher` (
  `sno` int(11) NOT NULL AUTO_INCREMENT,
  `voucherno` varchar(40) NOT NULL,
  `voucherdate` date NOT NULL,
  `invoiceno` varchar(40) NOT NULL,
  `invoicedate` date NOT NULL,
  `branch` varchar(50) NOT NULL,
  `fy` varchar(50) NOT NULL,
  `division` varchar(50) NOT NULL,
  `docketno` varchar(40) NOT NULL,
  `partyname` varchar(100) NOT NULL,
  `payreceive` varchar(50) NOT NULL,
  `chargename` varchar(50) NOT NULL,
  `sac` varchar(50) NOT NULL,
  `unit` varchar(50) NOT NULL,
  `quantity` float(5,2) NOT NULL,
  `rate` float(5,2) NOT NULL,
  `amount` float(12,2) NOT NULL,
  `cgst` float(10,2) NOT NULL,
  `sgst` float(10,2) NOT NULL,
  `igst` float(10,2) NOT NULL,
  `narration` varchar(40) NOT NULL,
  PRIMARY KEY (`sno`)
) ENGINE=InnoDB AUTO_INCREMENT=10 DEFAULT CHARSET=utf8mb4;

-- Dumping data for table accountmaster.tradevoucher: ~9 rows (approximately)
/*!40000 ALTER TABLE `tradevoucher` DISABLE KEYS */;
INSERT INTO `tradevoucher` (`sno`, `voucherno`, `voucherdate`, `invoiceno`, `invoicedate`, `branch`, `fy`, `division`, `docketno`, `partyname`, `payreceive`, `chargename`, `sac`, `unit`, `quantity`, `rate`, `amount`, `cgst`, `sgst`, `igst`, `narration`) VALUES
	(1, 'TV/DEL/SE/1', '2020-01-09', 'ggh6', '2020-01-09', 'New Delhi', '19-20', 'Export Sea', 'NDL/SE/6/19-20', 'NEPCON SHIPPING LLC.', 'Payable', 'agencycharges', '996712', 'UNITS', 1.00, 18.00, 18.00, 1.62, 1.62, 0.00, ''),
	(2, 'TV/DEL/SE/1', '2020-01-09', 'ggh6', '2020-01-09', 'New Delhi', '19-20', 'Export Sea', 'NDL/SE/6/19-20', 'NEPCON SHIPPING LLC.', 'Payable', 'acd charges', '996711', 'UNITS', 1.00, 122.00, 122.00, 10.98, 10.98, 0.00, ''),
	(3, 'TV/DEL/SE/2', '2020-01-10', 'loo1', '2020-01-10', 'New Delhi', '19-20', 'Export Sea', 'NDL/SE/4/19-20', 'AGS WORLD TRANSPORT (I) PVT LTD -CR', 'Receivable', 'ADC NOC CHARGES', '996719', 'UNITS', 1.00, 600.00, 600.00, 54.00, 54.00, 0.00, ''),
	(4, 'TV/DEL/SE/3', '2020-01-02', '556', '2020-01-02', 'New Delhi', '19-20', 'Export Sea', 'NDL/SE/8/19-20', 'AAKYU SHIPPING & FORWARDING', 'Payable', 'agencycharges', '996712', 'UNITS', 1.00, 11.00, 11.00, 0.99, 0.99, 0.00, 'a1'),
	(5, 'TV/DEL/SE/3', '2020-01-02', '556', '2020-01-02', 'New Delhi', '19-20', 'Export Sea', 'NDL/SE/8/19-20', 'AAKYU SHIPPING & FORWARDING', 'Payable', 'Advance Licence Charges', '996719', 'UNITS', 1.00, 123.00, 123.00, 11.07, 11.07, 0.00, 'aa211'),
	(6, 'TV/HR/SE/1', '2020-01-22', 'hpg-0294', '2020-01-22', 'Haryana', '19-20', 'Export Sea', 'HR/SE/9/19-20', 'MAGNETICS LOGISTICS PVT. LTD (CR)', 'Payable', 'agencycharges', '996712', 'UNITS', 1.00, 999.99, 2200.00, 198.00, 198.00, 0.00, 'n1'),
	(7, 'TV/HR/SE/1', '2020-01-22', 'hpg-0294', '2020-01-22', 'Haryana', '19-20', 'Export Sea', 'HR/SE/9/19-20', 'MAGNETICS LOGISTICS PVT. LTD (CR)', 'Payable', 'B/L charges', '996719', 'UNITS', 1.00, 999.99, 1200.00, 108.00, 108.00, 0.00, ''),
	(8, 'TV/HR/SE/1', '2020-01-22', 'hpg-0294', '2020-01-22', 'Haryana', '19-20', 'Export Sea', 'HR/SE/9/19-20', 'MAGNETICS LOGISTICS PVT. LTD (CR)', 'Payable', 'CUSTOM INSPECTION CHG.', '996719', 'UNITS', 1.00, 999.99, 3999.00, 359.91, 359.91, 0.00, ''),
	(9, 'TV/HR/SE/1', '2020-01-22', 'hpg-0294', '2020-01-22', 'Haryana', '19-20', 'Export Sea', 'HR/SE/9/19-20', 'MAGNETICS LOGISTICS PVT. LTD (CR)', 'Payable', 'B/L charges', '996719', 'UNITS', 1.00, 999.99, 1200.00, 108.00, 108.00, 0.00, '');
/*!40000 ALTER TABLE `tradevoucher` ENABLE KEYS */;

-- Dumping structure for table accountmaster.tradevouchercharges
DROP TABLE IF EXISTS `tradevouchercharges`;
CREATE TABLE IF NOT EXISTS `tradevouchercharges` (
  `sno` int(11) NOT NULL AUTO_INCREMENT,
  `voucherno` varchar(50) NOT NULL,
  `docketno` varchar(50) NOT NULL,
  `accountname` varchar(80) NOT NULL,
  `creditamount` float(10,3) NOT NULL,
  `debitamount` float(10,3) NOT NULL,
  PRIMARY KEY (`sno`)
) ENGINE=InnoDB AUTO_INCREMENT=6 DEFAULT CHARSET=utf8mb4;

-- Dumping data for table accountmaster.tradevouchercharges: ~4 rows (approximately)
/*!40000 ALTER TABLE `tradevouchercharges` DISABLE KEYS */;
INSERT INTO `tradevouchercharges` (`sno`, `voucherno`, `docketno`, `accountname`, `creditamount`, `debitamount`) VALUES
	(1, 'JV/DEL/SE/1', 'ndl/se/11/1920', 'bss taxable paid a/c', 0.000, 6000.000),
	(2, 'JV/DEL/SE/1', 'ndl/se/11/1920', 'bss taxable paid a/c', 0.000, 5000.000),
	(3, 'JV/DEL/SE/1', 'ndl/se/11/1920', 'COSCO (INDIA) SHIPPING PRIVATE LIMITED(Cr)', 12000.000, 0.000),
	(4, 'JV/DEL/SE/1', 'ndl/se/11/1920', 'bss taxable paid a/c', 0.000, 1000.000),
	(5, 'JV/DEL/SE/2', 'ndl/se/23/1920', 'AERONAUTIC FREIGHT SYSTEMS INC', 10000.000, 0.000);
/*!40000 ALTER TABLE `tradevouchercharges` ENABLE KEYS */;

-- Dumping structure for table accountmaster.tradevoucherno
DROP TABLE IF EXISTS `tradevoucherno`;
CREATE TABLE IF NOT EXISTS `tradevoucherno` (
  `sno` int(11) NOT NULL,
  `branch` varchar(40) NOT NULL,
  `division` varchar(40) NOT NULL,
  `voucherno` varchar(40) NOT NULL,
  PRIMARY KEY (`sno`)
) ENGINE=InnoDB DEFAULT CHARSET=latin1;

-- Dumping data for table accountmaster.tradevoucherno: ~20 rows (approximately)
/*!40000 ALTER TABLE `tradevoucherno` DISABLE KEYS */;
INSERT INTO `tradevoucherno` (`sno`, `branch`, `division`, `voucherno`) VALUES
	(1, 'Haryana', 'Export Sea', '1'),
	(2, 'Haryana', 'Import Sea', '1'),
	(3, 'Haryana', 'Export Air', '1'),
	(4, 'Haryana', 'Import Air', '1'),
	(5, 'Ludhiana', 'Export Sea', '1'),
	(6, 'Ludhiana', 'Import Sea', '1'),
	(7, 'Ludhiana', 'Export Air', '1'),
	(8, 'Ludhiana', 'Import Air', '1'),
	(9, 'Mumbai', 'Export Sea', '1'),
	(10, 'Mumbai', 'Import Sea', '1'),
	(11, 'Mumbai', 'Export Air', '1'),
	(12, 'Mumbai', 'Import Air', '1'),
	(13, 'New Delhi', 'Export Sea', '3'),
	(14, 'New Delhi', 'Import Sea', '1'),
	(15, 'New Delhi', 'Export Air', '1'),
	(16, 'New Delhi', 'Import Air', '1'),
	(17, 'Uttar pradesh', 'Export Sea', '1'),
	(18, 'Uttar pradesh', 'Import Sea', '1'),
	(19, 'Uttar pradesh', 'Export Air', '1'),
	(20, 'Uttar pradesh', 'Import Air', '1');
/*!40000 ALTER TABLE `tradevoucherno` ENABLE KEYS */;

/*!40101 SET SQL_MODE=IFNULL(@OLD_SQL_MODE, '') */;
/*!40014 SET FOREIGN_KEY_CHECKS=IF(@OLD_FOREIGN_KEY_CHECKS IS NULL, 1, @OLD_FOREIGN_KEY_CHECKS) */;
/*!40101 SET CHARACTER_SET_CLIENT=@OLD_CHARACTER_SET_CLIENT */;
